00:59:54,d78b2e1252a6,pygrid_bill_1,0.02,104.8MiB,4.851GiB,2.11,0B,0B, 86kB,115kB,4
00:59:57,d78b2e1252a6,pygrid_bill_1,0.02,104.8MiB,4.851GiB,2.11,0B,0B, 86kB,115kB,4
01:00:00,d78b2e1252a6,pygrid_bill_1,0.03,104.8MiB,4.851GiB,2.11,0B,0B, 86kB,115kB,4
01:00:03,d78b2e1252a6,pygrid_bill_1,0.02,104.8MiB,4.851GiB,2.11,0B,0B, 86kB,115kB,4
01:00:06,d78b2e1252a6,pygrid_bill_1,0.02,104.8MiB,4.851GiB,2.11,0B,0B, 86kB,115kB,4
01:00:09,d78b2e1252a6,pygrid_bill_1,0.02,104.8MiB,4.851GiB,2.11,0B,0B, 86kB,115kB,4
01:00:12,d78b2e1252a6,pygrid_bill_1,0.02,104.8MiB,4.851GiB,2.11,0B,0B, 86kB,115kB,4
01:00:15,d78b2e1252a6,pygrid_bill_1,0.04,104.8MiB,4.851GiB,2.11,0B,0B, 86kB,115kB,4
01:00:18,d78b2e1252a6,pygrid_bill_1,0.02,104.8MiB,4.851GiB,2.11,0B,0B, 86kB,115kB,4
01:00:21,d78b2e1252a6,pygrid_bill_1,0.35,104.9MiB,4.851GiB,2.11,0B,0B, 86kB,115kB,4
07:09:00,9e20adaa1669,pygrid_bill_1,0.02,104.7MiB,4.851GiB,2.11,0B,0B, 0B,115kB, 4
07:09:03,9e20adaa1669,pygrid_bill_1,0.02,104.7MiB,4.851GiB,2.11,0B,0B, 0B,115kB, 4
07:09:06,9e20adaa1669,pygrid_bill_1,0.03,104.7MiB,4.851GiB,2.11,0B,0B, 0B,115kB, 4
07:09:09,9e20adaa1669,pygrid_bill_1,0.02,104.7MiB,4.851GiB,2.11,0B,0B, 0B,115kB, 4
07:09:12,9e20adaa1669,pygrid_bill_1,0.03,104.7MiB,4.851GiB,2.11,0B,0B, 0B,115kB, 4
07:09:15,9e20adaa1669,pygrid_bill_1,0.03,104.7MiB,4.851GiB,2.11,0B,0B, 0B,115kB, 4
07:09:18,9e20adaa1669,pygrid_bill_1,0.02,104.7MiB,4.851GiB,2.11,0B,0B, 0B,115kB, 4
07:09:21,9e20adaa1669,pygrid_bill_1,0.03,104.7MiB,4.851GiB,2.11,0B,0B, 0B,115kB, 4
07:09:24,9e20adaa1669,pygrid_bill_1,0.02,104.7MiB,4.851GiB,2.11,0B,0B, 0B,115kB, 4
07:09:27,9e20adaa1669,pygrid_bill_1,0.37,104.8MiB,4.851GiB,2.11,0B,0B, 0B,115kB, 4
01:00:21,d78b2e1252a6,pygrid_bill_1,0.35,104.9MiB,4.851GiB,2.11,0B,0B, 86kB,115kB,4
01:00:24,d78b2e1252a6,pygrid_bill_1,0.03,103.3MiB,4.851GiB,2.08,0B,0B, 86kB,115kB,4
01:00:27,d78b2e1252a6,pygrid_bill_1,0.02,103.3MiB,4.851GiB,2.08,0B,0B, 86kB,115kB,4
01:00:30,d78b2e1252a6,pygrid_bill_1,0.02,103.3MiB,4.851GiB,2.08,0B,0B, 86kB,115kB,4
01:00:33,d78b2e1252a6,pygrid_bill_1,0.03,103.3MiB,4.851GiB,2.08,0B,0B, 86kB,115kB,4
01:00:36,d78b2e1252a6,pygrid_bill_1,0.03,103.3MiB,4.851GiB,2.08,0B,0B, 86kB,115kB,4
01:00:39,d78b2e1252a6,pygrid_bill_1,0.03,103.3MiB,4.851GiB,2.08,0B,0B, 86kB,115kB,4
01:00:42,d78b2e1252a6,pygrid_bill_1,0.02,103.3MiB,4.851GiB,2.08,0B,0B, 86kB,115kB,4
01:00:45,d78b2e1252a6,pygrid_bill_1,0.03,103.3MiB,4.851GiB,2.08,0B,0B, 86kB,115kB,4
01:00:48,d78b2e1252a6,pygrid_bill_1,0.02,103.3MiB,4.851GiB,2.08,0B,0B, 86kB,115kB,4
01:00:51,d78b2e1252a6,pygrid_bill_1,0.02,103.3MiB,4.851GiB,2.08,0B,0B, 86kB,115kB,4
01:00:54,d78b2e1252a6,pygrid_bill_1,0.03,103.3MiB,4.851GiB,2.08,0B,0B, 86kB,115kB,4
01:00:57,d78b2e1252a6,pygrid_bill_1,0.02,103.3MiB,4.851GiB,2.08,0B,0B, 86kB,115kB,4
01:01:00,d78b2e1252a6,pygrid_bill_1,0.02,103.3MiB,4.851GiB,2.08,0B,0B, 86kB,115kB,4
01:01:03,d78b2e1252a6,pygrid_bill_1,0.02,103.3MiB,4.851GiB,2.08,0B,0B, 86kB,115kB,4
01:01:06,d78b2e1252a6,pygrid_bill_1,0.02,103.3MiB,4.851GiB,2.08,0B,0B, 86kB,115kB,4
01:01:09,d78b2e1252a6,pygrid_bill_1,0.02,103.3MiB,4.851GiB,2.08,0B,0B, 86kB,115kB,4
01:01:12,d78b2e1252a6,pygrid_bill_1,0.03,103.3MiB,4.851GiB,2.08,0B,0B, 86kB,115kB,4
01:01:15,d78b2e1252a6,pygrid_bill_1,0.03,103.3MiB,4.851GiB,2.08,0B,0B, 86kB,115kB,4
01:01:18,d78b2e1252a6,pygrid_bill_1,0.02,103.3MiB,4.851GiB,2.08,0B,0B, 86kB,115kB,4
01:01:21,d78b2e1252a6,pygrid_bill_1,0.02,103.3MiB,4.851GiB,2.08,0B,0B, 86kB,115kB,4
01:01:24,d78b2e1252a6,pygrid_bill_1,0.03,103.3MiB,4.851GiB,2.08,0B,0B, 86kB,115kB,4
01:01:27,d78b2e1252a6,pygrid_bill_1,0.02,103.3MiB,4.851GiB,2.08,0B,0B, 86kB,115kB,4
01:01:30,d78b2e1252a6,pygrid_bill_1,0.02,103.3MiB,4.851GiB,2.08,0B,0B, 86kB,115kB,4
01:01:33,d78b2e1252a6,pygrid_bill_1,0.02,103.3MiB,4.851GiB,2.08,0B,0B, 86kB,115kB,4
01:01:36,d78b2e1252a6,pygrid_bill_1,0.02,103.3MiB,4.851GiB,2.08,0B,0B, 86kB,115kB,4
01:01:39,d78b2e1252a6,pygrid_bill_1,0.02,103.3MiB,4.851GiB,2.08,0B,0B, 86kB,115kB,4
01:01:42,d78b2e1252a6,pygrid_bill_1,0.03,103.3MiB,4.851GiB,2.08,0B,0B, 86kB,115kB,4
01:01:45,d78b2e1252a6,pygrid_bill_1,0.02,103.3MiB,4.851GiB,2.08,0B,0B, 86kB,115kB,4
01:01:48,d78b2e1252a6,pygrid_bill_1,0.02,103.3MiB,4.851GiB,2.08,0B,0B, 86kB,115kB,4
01:01:51,d78b2e1252a6,pygrid_bill_1,0.04,103.3MiB,4.851GiB,2.08,0B,0B, 86kB,115kB,4
01:01:55,d78b2e1252a6,pygrid_bill_1,0.03,103.3MiB,4.851GiB,2.08,0B,0B, 86kB,115kB,4
01:01:58,d78b2e1252a6,pygrid_bill_1,0.03,103.3MiB,4.851GiB,2.08,0B,0B, 86kB,115kB,4
01:02:01,d78b2e1252a6,pygrid_bill_1,0.02,103.3MiB,4.851GiB,2.08,0B,0B, 86kB,115kB,4
01:02:04,d78b2e1252a6,pygrid_bill_1,0.02,103.3MiB,4.851GiB,2.08,0B,0B, 86kB,115kB,4
01:02:07,d78b2e1252a6,pygrid_bill_1,0.02,103.3MiB,4.851GiB,2.08,0B,0B, 86kB,115kB,4
01:02:10,d78b2e1252a6,pygrid_bill_1,0.03,103.3MiB,4.851GiB,2.08,0B,0B, 86kB,115kB,4
01:02:13,d78b2e1252a6,pygrid_bill_1,0.02,103.3MiB,4.851GiB,2.08,0B,0B, 86kB,115kB,4
01:02:16,d78b2e1252a6,pygrid_bill_1,0.02,103.3MiB,4.851GiB,2.08,0B,0B, 86kB,115kB,4
01:02:19,d78b2e1252a6,pygrid_bill_1,0.02,103.3MiB,4.851GiB,2.08,0B,0B, 86kB,115kB,4
01:02:22,d78b2e1252a6,pygrid_bill_1,0.02,103.3MiB,4.851GiB,2.08,0B,0B, 86kB,115kB,4
01:02:25,d78b2e1252a6,pygrid_bill_1,0.02,103.3MiB,4.851GiB,2.08,0B,0B, 86kB,115kB,4
01:02:28,d78b2e1252a6,pygrid_bill_1,0.03,103.3MiB,4.851GiB,2.08,0B,0B, 86kB,115kB,4
01:02:31,d78b2e1252a6,pygrid_bill_1,0.02,103.3MiB,4.851GiB,2.08,0B,0B, 86kB,115kB,4
01:02:34,d78b2e1252a6,pygrid_bill_1,0.03,103.3MiB,4.851GiB,2.08,0B,0B, 86kB,115kB,4
01:02:37,d78b2e1252a6,pygrid_bill_1,0.03,103.3MiB,4.851GiB,2.08,0B,0B, 86kB,115kB,4
01:02:40,d78b2e1252a6,pygrid_bill_1,0.03,103.3MiB,4.851GiB,2.08,0B,0B, 86kB,115kB,4
01:02:43,d78b2e1252a6,pygrid_bill_1,0.02,103.3MiB,4.851GiB,2.08,0B,0B, 86kB,115kB,4
01:02:46,d78b2e1252a6,pygrid_bill_1,0.03,103.3MiB,4.851GiB,2.08,0B,0B, 86kB,115kB,4
01:02:49,d78b2e1252a6,pygrid_bill_1,0.03,103.3MiB,4.851GiB,2.08,0B,0B, 86kB,115kB,4
01:02:52,d78b2e1252a6,pygrid_bill_1,0.03,103.3MiB,4.851GiB,2.08,0B,0B, 86kB,115kB,4
01:02:55,d78b2e1252a6,pygrid_bill_1,0.03,103.3MiB,4.851GiB,2.08,0B,0B, 86kB,115kB,4
01:02:58,d78b2e1252a6,pygrid_bill_1,0.02,103.3MiB,4.851GiB,2.08,0B,0B, 86kB,115kB,4
01:03:01,d78b2e1252a6,pygrid_bill_1,0.02,103.3MiB,4.851GiB,2.08,0B,0B, 86kB,115kB,4
01:03:04,d78b2e1252a6,pygrid_bill_1,0.02,103.3MiB,4.851GiB,2.08,0B,0B, 86kB,115kB,4
01:03:07,d78b2e1252a6,pygrid_bill_1,0.02,103.3MiB,4.851GiB,2.08,0B,0B, 86kB,115kB,4
01:03:10,d78b2e1252a6,pygrid_bill_1,0.02,103.3MiB,4.851GiB,2.08,0B,0B, 86kB,115kB,4
01:03:13,d78b2e1252a6,pygrid_bill_1,0.02,103.3MiB,4.851GiB,2.08,0B,0B, 86kB,115kB,4
01:03:16,d78b2e1252a6,pygrid_bill_1,0.02,103.3MiB,4.851GiB,2.08,0B,0B, 86kB,115kB,4
01:03:19,d78b2e1252a6,pygrid_bill_1,0.03,103.3MiB,4.851GiB,2.08,0B,0B, 86kB,115kB,4
01:03:22,d78b2e1252a6,pygrid_bill_1,0.02,103.3MiB,4.851GiB,2.08,0B,0B, 86kB,115kB,4
01:03:25,d78b2e1252a6,pygrid_bill_1,0.03,103.3MiB,4.851GiB,2.08,0B,0B, 86kB,115kB,4
01:03:28,d78b2e1252a6,pygrid_bill_1,0.02,103.3MiB,4.851GiB,2.08,0B,0B, 86kB,115kB,4
01:03:31,d78b2e1252a6,pygrid_bill_1,0.02,103.3MiB,4.851GiB,2.08,0B,0B, 86kB,115kB,4
01:03:34,d78b2e1252a6,pygrid_bill_1,0.03,103.3MiB,4.851GiB,2.08,0B,0B, 86kB,115kB,4
01:03:37,d78b2e1252a6,pygrid_bill_1,0.02,103.3MiB,4.851GiB,2.08,0B,0B, 86kB,115kB,4
01:03:40,d78b2e1252a6,pygrid_bill_1,0.02,103.3MiB,4.851GiB,2.08,0B,0B, 86kB,115kB,4
01:03:43,d78b2e1252a6,pygrid_bill_1,0.02,103.3MiB,4.851GiB,2.08,0B,0B, 86kB,115kB,4
01:03:46,d78b2e1252a6,pygrid_bill_1,0.02,103.3MiB,4.851GiB,2.08,0B,0B, 86kB,115kB,4
01:03:49,d78b2e1252a6,pygrid_bill_1,0.02,103.3MiB,4.851GiB,2.08,0B,0B, 86kB,115kB,4
01:03:52,d78b2e1252a6,pygrid_bill_1,0.03,103.3MiB,4.851GiB,2.08,0B,0B, 86kB,115kB,4
01:03:55,d78b2e1252a6,pygrid_bill_1,0.02,103.3MiB,4.851GiB,2.08,0B,0B, 86kB,115kB,4
01:03:58,d78b2e1252a6,pygrid_bill_1,0.02,103.3MiB,4.851GiB,2.08,0B,0B, 86kB,115kB,4
01:04:01,d78b2e1252a6,pygrid_bill_1,0.02,103.3MiB,4.851GiB,2.08,0B,0B, 86kB,115kB,4
01:04:04,d78b2e1252a6,pygrid_bill_1,0.02,103.3MiB,4.851GiB,2.08,0B,0B, 86kB,115kB,4
01:04:07,d78b2e1252a6,pygrid_bill_1,0.03,103.3MiB,4.851GiB,2.08,0B,0B, 86kB,115kB,4
01:04:10,d78b2e1252a6,pygrid_bill_1,0.02,103.3MiB,4.851GiB,2.08,0B,0B, 86kB,115kB,4
01:04:13,d78b2e1252a6,pygrid_bill_1,0.02,103.3MiB,4.851GiB,2.08,0B,0B, 86kB,115kB,4
01:04:16,d78b2e1252a6,pygrid_bill_1,0.02,103.3MiB,4.851GiB,2.08,0B,0B, 86kB,115kB,4
01:04:19,d78b2e1252a6,pygrid_bill_1,0.03,103.3MiB,4.851GiB,2.08,0B,0B, 86kB,115kB,4
01:04:22,d78b2e1252a6,pygrid_bill_1,0.02,103.3MiB,4.851GiB,2.08,0B,0B, 86kB,115kB,4
01:04:25,d78b2e1252a6,pygrid_bill_1,0.03,103.3MiB,4.851GiB,2.08,0B,0B, 86kB,115kB,4
01:04:28,d78b2e1252a6,pygrid_bill_1,0.02,103.3MiB,4.851GiB,2.08,0B,0B, 86kB,115kB,4
01:04:31,d78b2e1252a6,pygrid_bill_1,0.02,103.3MiB,4.851GiB,2.08,0B,0B, 86kB,115kB,4
01:04:34,d78b2e1252a6,pygrid_bill_1,0.02,103.3MiB,4.851GiB,2.08,0B,0B, 86kB,115kB,4
01:04:37,d78b2e1252a6,pygrid_bill_1,0.02,103.3MiB,4.851GiB,2.08,0B,0B, 86kB,115kB,4
01:04:40,d78b2e1252a6,pygrid_bill_1,0.02,103.3MiB,4.851GiB,2.08,0B,0B, 86kB,115kB,4
01:04:43,d78b2e1252a6,pygrid_bill_1,0.02,103.3MiB,4.851GiB,2.08,0B,0B, 86kB,115kB,4
01:04:46,d78b2e1252a6,pygrid_bill_1,0.03,103.3MiB,4.851GiB,2.08,0B,0B, 86kB,115kB,4
01:04:49,d78b2e1252a6,pygrid_bill_1,0.02,103.3MiB,4.851GiB,2.08,0B,0B, 86kB,115kB,4
01:04:52,d78b2e1252a6,pygrid_bill_1,0.02,103.3MiB,4.851GiB,2.08,0B,0B, 86kB,115kB,4
01:04:55,d78b2e1252a6,pygrid_bill_1,0.02,103.3MiB,4.851GiB,2.08,0B,0B, 86kB,115kB,4
01:04:58,d78b2e1252a6,pygrid_bill_1,0.02,103.3MiB,4.851GiB,2.08,0B,0B, 86kB,115kB,4
01:05:01,d78b2e1252a6,pygrid_bill_1,0.02,103.3MiB,4.851GiB,2.08,0B,0B, 86kB,115kB,4
01:05:04,d78b2e1252a6,pygrid_bill_1,0.03,103.3MiB,4.851GiB,2.08,0B,0B, 86kB,115kB,4
01:05:08,d78b2e1252a6,pygrid_bill_1,0.02,103.3MiB,4.851GiB,2.08,0B,0B, 86kB,115kB,4
01:05:11,d78b2e1252a6,pygrid_bill_1,0.02,103.3MiB,4.851GiB,2.08,0B,0B, 86kB,115kB,4
01:05:14,d78b2e1252a6,pygrid_bill_1,0.03,103.3MiB,4.851GiB,2.08,0B,0B, 86kB,115kB,4
01:05:17,d78b2e1252a6,pygrid_bill_1,0.02,103.3MiB,4.851GiB,2.08,0B,0B, 86kB,115kB,4
01:05:20,d78b2e1252a6,pygrid_bill_1,0.03,103.3MiB,4.851GiB,2.08,0B,0B, 86kB,115kB,4
01:05:23,d78b2e1252a6,pygrid_bill_1,0.02,103.3MiB,4.851GiB,2.08,0B,0B, 86kB,115kB,4
01:05:26,d78b2e1252a6,pygrid_bill_1,0.02,103.3MiB,4.851GiB,2.08,0B,0B, 86kB,115kB,4
01:05:29,d78b2e1252a6,pygrid_bill_1,0.03,103.3MiB,4.851GiB,2.08,0B,0B, 86kB,115kB,4
01:05:32,d78b2e1252a6,pygrid_bill_1,0.02,103.3MiB,4.851GiB,2.08,0B,0B, 86kB,115kB,4
01:05:35,d78b2e1252a6,pygrid_bill_1,0.02,103.3MiB,4.851GiB,2.08,0B,0B, 86kB,115kB,4
01:05:38,d78b2e1252a6,pygrid_bill_1,0.03,103.3MiB,4.851GiB,2.08,0B,0B, 86kB,115kB,4
01:05:41,d78b2e1252a6,pygrid_bill_1,0.03,103.3MiB,4.851GiB,2.08,0B,0B, 86kB,115kB,4
01:05:44,d78b2e1252a6,pygrid_bill_1,0.02,103.3MiB,4.851GiB,2.08,0B,0B, 86kB,115kB,4
01:05:47,d78b2e1252a6,pygrid_bill_1,0.03,103.3MiB,4.851GiB,2.08,0B,0B, 86kB,115kB,4
01:05:50,d78b2e1252a6,pygrid_bill_1,0.03,103.3MiB,4.851GiB,2.08,0B,0B, 86kB,115kB,4
01:05:53,d78b2e1252a6,pygrid_bill_1,0.03,103.3MiB,4.851GiB,2.08,0B,0B, 86kB,115kB,4
01:05:56,d78b2e1252a6,pygrid_bill_1,0.02,103.3MiB,4.851GiB,2.08,0B,0B, 86kB,115kB,4
01:05:59,d78b2e1252a6,pygrid_bill_1,0.02,103.3MiB,4.851GiB,2.08,0B,0B, 86kB,115kB,4
01:06:02,d78b2e1252a6,pygrid_bill_1,0.02,103.3MiB,4.851GiB,2.08,0B,0B, 86kB,115kB,4
01:06:05,d78b2e1252a6,pygrid_bill_1,0.03,103.3MiB,4.851GiB,2.08,0B,0B, 86kB,115kB,4
01:06:08,d78b2e1252a6,pygrid_bill_1,0.03,103.3MiB,4.851GiB,2.08,0B,0B, 86kB,115kB,4
01:06:11,d78b2e1252a6,pygrid_bill_1,0.02,103.3MiB,4.851GiB,2.08,0B,0B, 86kB,115kB,4
01:06:14,d78b2e1252a6,pygrid_bill_1,0.02,103.3MiB,4.851GiB,2.08,0B,0B, 86kB,115kB,4
01:06:17,d78b2e1252a6,pygrid_bill_1,0.03,103.3MiB,4.851GiB,2.08,0B,0B, 86kB,115kB,4
01:06:20,d78b2e1252a6,pygrid_bill_1,0.02,103.3MiB,4.851GiB,2.08,0B,0B, 86kB,115kB,4
01:06:23,d78b2e1252a6,pygrid_bill_1,0.03,103.3MiB,4.851GiB,2.08,0B,0B, 86kB,115kB,4
01:06:26,d78b2e1252a6,pygrid_bill_1,0.02,103.3MiB,4.851GiB,2.08,0B,0B, 86kB,115kB,4
01:06:29,d78b2e1252a6,pygrid_bill_1,0.02,103.3MiB,4.851GiB,2.08,0B,0B, 86kB,115kB,4
01:06:32,d78b2e1252a6,pygrid_bill_1,0.02,103.3MiB,4.851GiB,2.08,0B,0B, 86kB,115kB,4
01:06:35,d78b2e1252a6,pygrid_bill_1,0.02,103.3MiB,4.851GiB,2.08,0B,0B, 86kB,115kB,4
01:06:38,d78b2e1252a6,pygrid_bill_1,0.02,103.3MiB,4.851GiB,2.08,0B,0B, 86kB,115kB,4
01:06:41,d78b2e1252a6,pygrid_bill_1,0.02,103.3MiB,4.851GiB,2.08,0B,0B, 86kB,115kB,4
01:06:44,d78b2e1252a6,pygrid_bill_1,0.02,103.3MiB,4.851GiB,2.08,0B,0B, 86kB,115kB,4
01:06:47,d78b2e1252a6,pygrid_bill_1,0.02,103.3MiB,4.851GiB,2.08,0B,0B, 86kB,115kB,4
01:06:50,d78b2e1252a6,pygrid_bill_1,0.02,103.3MiB,4.851GiB,2.08,0B,0B, 86kB,115kB,4
01:06:53,d78b2e1252a6,pygrid_bill_1,0.02,103.3MiB,4.851GiB,2.08,0B,0B, 86kB,115kB,4
01:06:56,d78b2e1252a6,pygrid_bill_1,0.02,103.3MiB,4.851GiB,2.08,0B,0B, 86kB,115kB,4
01:06:59,d78b2e1252a6,pygrid_bill_1,0.03,103.3MiB,4.851GiB,2.08,0B,0B, 86kB,115kB,4
01:07:02,d78b2e1252a6,pygrid_bill_1,0.03,103.3MiB,4.851GiB,2.08,0B,0B, 86kB,115kB,4
01:07:05,d78b2e1252a6,pygrid_bill_1,0.03,103.3MiB,4.851GiB,2.08,0B,0B, 86kB,115kB,4
01:07:08,d78b2e1252a6,pygrid_bill_1,0.02,103.3MiB,4.851GiB,2.08,0B,0B, 86kB,115kB,4
01:07:11,d78b2e1252a6,pygrid_bill_1,0.02,103.3MiB,4.851GiB,2.08,0B,0B, 86kB,115kB,4
01:07:14,d78b2e1252a6,pygrid_bill_1,0.02,103.3MiB,4.851GiB,2.08,0B,0B, 86kB,115kB,4
01:07:17,d78b2e1252a6,pygrid_bill_1,0.03,103.3MiB,4.851GiB,2.08,0B,0B, 86kB,115kB,4
01:07:20,d78b2e1252a6,pygrid_bill_1,0.02,103.3MiB,4.851GiB,2.08,0B,0B, 86kB,115kB,4
01:07:23,d78b2e1252a6,pygrid_bill_1,0.03,103.3MiB,4.851GiB,2.08,0B,0B, 86kB,115kB,4
01:07:26,d78b2e1252a6,pygrid_bill_1,0.02,103.3MiB,4.851GiB,2.08,0B,0B, 86kB,115kB,4
01:07:29,d78b2e1252a6,pygrid_bill_1,0.02,103.3MiB,4.851GiB,2.08,0B,0B, 86kB,115kB,4
01:07:32,d78b2e1252a6,pygrid_bill_1,0.03,103.3MiB,4.851GiB,2.08,0B,0B, 86kB,115kB,4
01:07:35,d78b2e1252a6,pygrid_bill_1,0.02,103.3MiB,4.851GiB,2.08,0B,0B, 86kB,115kB,4
01:07:38,d78b2e1252a6,pygrid_bill_1,0.03,103.3MiB,4.851GiB,2.08,0B,0B, 86kB,115kB,4
01:07:41,d78b2e1252a6,pygrid_bill_1,0.03,103.3MiB,4.851GiB,2.08,0B,0B, 86kB,115kB,4
01:07:44,d78b2e1252a6,pygrid_bill_1,0.03,103.3MiB,4.851GiB,2.08,0B,0B, 86kB,115kB,4
01:07:47,d78b2e1252a6,pygrid_bill_1,0.03,103.3MiB,4.851GiB,2.08,0B,0B, 86kB,115kB,4
01:07:50,d78b2e1252a6,pygrid_bill_1,0.03,103.3MiB,4.851GiB,2.08,0B,0B, 86kB,115kB,4
01:07:53,d78b2e1252a6,pygrid_bill_1,0.02,103.3MiB,4.851GiB,2.08,0B,0B, 86kB,115kB,4
01:07:56,d78b2e1252a6,pygrid_bill_1,0.03,103.3MiB,4.851GiB,2.08,0B,0B, 86kB,115kB,4
01:07:59,d78b2e1252a6,pygrid_bill_1,0.03,103.3MiB,4.851GiB,2.08,0B,0B, 86kB,115kB,4
01:08:02,d78b2e1252a6,pygrid_bill_1,0.02,103.3MiB,4.851GiB,2.08,0B,0B, 86kB,115kB,4
01:08:05,d78b2e1252a6,pygrid_bill_1,0.03,103.3MiB,4.851GiB,2.08,0B,0B, 86kB,115kB,4
01:08:08,d78b2e1252a6,pygrid_bill_1,0.02,103.3MiB,4.851GiB,2.08,0B,0B, 86kB,115kB,4
01:08:11,d78b2e1252a6,pygrid_bill_1,0.02,103.3MiB,4.851GiB,2.08,0B,0B, 86kB,115kB,4
01:08:14,d78b2e1252a6,pygrid_bill_1,0.02,103.3MiB,4.851GiB,2.08,0B,0B, 86kB,115kB,4
01:08:17,d78b2e1252a6,pygrid_bill_1,0.02,103.3MiB,4.851GiB,2.08,0B,0B, 86kB,115kB,4
01:08:20,d78b2e1252a6,pygrid_bill_1,0.02,103.3MiB,4.851GiB,2.08,0B,0B, 86kB,115kB,4
01:08:24,d78b2e1252a6,pygrid_bill_1,0.02,103.3MiB,4.851GiB,2.08,0B,0B, 86kB,115kB,4
01:08:27,d78b2e1252a6,pygrid_bill_1,0.02,103.3MiB,4.851GiB,2.08,0B,0B, 86kB,115kB,4
01:08:30,d78b2e1252a6,pygrid_bill_1,0.02,103.3MiB,4.851GiB,2.08,0B,0B, 86kB,115kB,4
01:08:33,d78b2e1252a6,pygrid_bill_1,0.03,103.3MiB,4.851GiB,2.08,0B,0B, 86kB,115kB,4
01:08:36,d78b2e1252a6,pygrid_bill_1,0.02,103.3MiB,4.851GiB,2.08,0B,0B, 86kB,115kB,4
01:08:39,d78b2e1252a6,pygrid_bill_1,0.03,103.3MiB,4.851GiB,2.08,0B,0B, 86kB,115kB,4
01:08:42,d78b2e1252a6,pygrid_bill_1,0.02,103.3MiB,4.851GiB,2.08,0B,0B, 86kB,115kB,4
01:08:45,d78b2e1252a6,pygrid_bill_1,0.02,103.3MiB,4.851GiB,2.08,0B,0B, 86kB,115kB,4
01:08:48,d78b2e1252a6,pygrid_bill_1,0.02,103.3MiB,4.851GiB,2.08,0B,0B, 86kB,115kB,4
01:08:51,d78b2e1252a6,pygrid_bill_1,0.02,103.3MiB,4.851GiB,2.08,0B,0B, 86kB,115kB,4
01:08:54,d78b2e1252a6,pygrid_bill_1,0.03,103.3MiB,4.851GiB,2.08,0B,0B, 86kB,115kB,4
01:08:57,d78b2e1252a6,pygrid_bill_1,0.04,103.3MiB,4.851GiB,2.08,0B,0B, 86kB,115kB,4
01:09:00,d78b2e1252a6,pygrid_bill_1,0.02,103.3MiB,4.851GiB,2.08,0B,0B, 86kB,115kB,4
01:09:03,d78b2e1252a6,pygrid_bill_1,0.03,103.3MiB,4.851GiB,2.08,0B,0B, 86kB,115kB,4
01:09:06,d78b2e1252a6,pygrid_bill_1,0.02,103.3MiB,4.851GiB,2.08,0B,0B, 86kB,115kB,4
01:09:09,d78b2e1252a6,pygrid_bill_1,0.03,103.3MiB,4.851GiB,2.08,0B,0B, 86kB,115kB,4
01:09:12,d78b2e1252a6,pygrid_bill_1,0.03,103.3MiB,4.851GiB,2.08,0B,0B, 86kB,115kB,4
01:09:15,d78b2e1252a6,pygrid_bill_1,0.02,103.3MiB,4.851GiB,2.08,0B,0B, 86kB,115kB,4
01:09:18,d78b2e1252a6,pygrid_bill_1,0.03,103.3MiB,4.851GiB,2.08,0B,0B, 86kB,115kB,4
01:09:21,d78b2e1252a6,pygrid_bill_1,0.03,103.3MiB,4.851GiB,2.08,0B,0B, 86kB,115kB,4
01:09:24,d78b2e1252a6,pygrid_bill_1,0.02,103.3MiB,4.851GiB,2.08,0B,0B, 86kB,115kB,4
01:09:27,d78b2e1252a6,pygrid_bill_1,0.02,103.3MiB,4.851GiB,2.08,0B,0B, 86kB,115kB,4
01:09:30,d78b2e1252a6,pygrid_bill_1,0.02,103.3MiB,4.851GiB,2.08,0B,0B, 86kB,115kB,4
01:09:33,d78b2e1252a6,pygrid_bill_1,0.02,103.3MiB,4.851GiB,2.08,0B,0B, 86kB,115kB,4
01:09:36,d78b2e1252a6,pygrid_bill_1,0.03,103.3MiB,4.851GiB,2.08,0B,0B, 86kB,115kB,4
01:09:39,d78b2e1252a6,pygrid_bill_1,0.02,103.3MiB,4.851GiB,2.08,0B,0B, 86kB,115kB,4
01:09:42,d78b2e1252a6,pygrid_bill_1,0.03,103.3MiB,4.851GiB,2.08,0B,0B, 86kB,115kB,4
01:09:45,d78b2e1252a6,pygrid_bill_1,0.02,103.3MiB,4.851GiB,2.08,0B,0B, 86kB,115kB,4
01:09:48,d78b2e1252a6,pygrid_bill_1,0.03,103.3MiB,4.851GiB,2.08,0B,0B, 86kB,115kB,4
01:09:51,d78b2e1252a6,pygrid_bill_1,0.03,103.3MiB,4.851GiB,2.08,0B,0B, 86kB,115kB,4
01:09:54,d78b2e1252a6,pygrid_bill_1,0.02,103.3MiB,4.851GiB,2.08,0B,0B, 86kB,115kB,4
01:09:57,d78b2e1252a6,pygrid_bill_1,0.02,103.3MiB,4.851GiB,2.08,0B,0B, 86kB,115kB,4
01:10:00,d78b2e1252a6,pygrid_bill_1,0.02,103.3MiB,4.851GiB,2.08,0B,0B, 86kB,115kB,4
01:10:03,d78b2e1252a6,pygrid_bill_1,0.02,103.3MiB,4.851GiB,2.08,0B,0B, 86kB,115kB,4
01:10:06,d78b2e1252a6,pygrid_bill_1,0.02,103.3MiB,4.851GiB,2.08,0B,0B, 86kB,115kB,4
01:10:09,d78b2e1252a6,pygrid_bill_1,0.02,103.3MiB,4.851GiB,2.08,0B,0B, 86kB,115kB,4
01:10:12,d78b2e1252a6,pygrid_bill_1,0.03,103.3MiB,4.851GiB,2.08,0B,0B, 86kB,115kB,4
01:10:15,d78b2e1252a6,pygrid_bill_1,0.02,103.3MiB,4.851GiB,2.08,0B,0B, 86kB,115kB,4
01:10:18,d78b2e1252a6,pygrid_bill_1,0.02,103.3MiB,4.851GiB,2.08,0B,0B, 86kB,115kB,4
01:10:21,d78b2e1252a6,pygrid_bill_1,0.02,103.3MiB,4.851GiB,2.08,0B,0B, 86kB,115kB,4
01:10:24,d78b2e1252a6,pygrid_bill_1,0.02,103.3MiB,4.851GiB,2.08,0B,0B, 86kB,115kB,4
01:10:27,d78b2e1252a6,pygrid_bill_1,0.03,103.3MiB,4.851GiB,2.08,0B,0B, 86kB,115kB,4
01:10:30,d78b2e1252a6,pygrid_bill_1,0.02,103.3MiB,4.851GiB,2.08,0B,0B, 86kB,115kB,4
01:10:33,d78b2e1252a6,pygrid_bill_1,0.02,103.3MiB,4.851GiB,2.08,0B,0B, 86kB,115kB,4
01:10:36,d78b2e1252a6,pygrid_bill_1,0.02,103.3MiB,4.851GiB,2.08,0B,0B, 86kB,115kB,4
01:10:39,d78b2e1252a6,pygrid_bill_1,0.02,103.3MiB,4.851GiB,2.08,0B,0B, 86kB,115kB,4
01:10:42,d78b2e1252a6,pygrid_bill_1,0.02,103.3MiB,4.851GiB,2.08,0B,0B, 86kB,115kB,4
01:10:45,d78b2e1252a6,pygrid_bill_1,0.02,103.3MiB,4.851GiB,2.08,0B,0B, 86kB,115kB,4
01:10:48,d78b2e1252a6,pygrid_bill_1,0.02,103.3MiB,4.851GiB,2.08,0B,0B, 86kB,115kB,4
01:10:51,d78b2e1252a6,pygrid_bill_1,0.02,103.3MiB,4.851GiB,2.08,0B,0B, 86kB,115kB,4
01:10:54,d78b2e1252a6,pygrid_bill_1,0.02,103.3MiB,4.851GiB,2.08,0B,0B, 86kB,115kB,4
01:10:57,d78b2e1252a6,pygrid_bill_1,0.03,103.3MiB,4.851GiB,2.08,0B,0B, 86kB,115kB,4
01:11:00,d78b2e1252a6,pygrid_bill_1,0.03,103.3MiB,4.851GiB,2.08,0B,0B, 86kB,115kB,4
01:11:03,d78b2e1252a6,pygrid_bill_1,0.02,103.3MiB,4.851GiB,2.08,0B,0B, 86kB,115kB,4
01:11:06,d78b2e1252a6,pygrid_bill_1,0.02,103.3MiB,4.851GiB,2.08,0B,0B, 86kB,115kB,4
01:11:09,d78b2e1252a6,pygrid_bill_1,0.02,103.3MiB,4.851GiB,2.08,0B,0B, 86kB,115kB,4
01:11:12,d78b2e1252a6,pygrid_bill_1,0.03,103.3MiB,4.851GiB,2.08,0B,0B, 86kB,115kB,4
01:11:15,d78b2e1252a6,pygrid_bill_1,0.02,103.3MiB,4.851GiB,2.08,0B,0B, 86kB,115kB,4
01:11:18,d78b2e1252a6,pygrid_bill_1,0.02,103.3MiB,4.851GiB,2.08,0B,0B, 86kB,115kB,4
01:11:21,d78b2e1252a6,pygrid_bill_1,0.02,103.3MiB,4.851GiB,2.08,0B,0B, 86kB,115kB,4
01:11:24,d78b2e1252a6,pygrid_bill_1,0.02,103.3MiB,4.851GiB,2.08,0B,0B, 86kB,115kB,4
01:11:27,d78b2e1252a6,pygrid_bill_1,0.02,103.3MiB,4.851GiB,2.08,0B,0B, 86kB,115kB,4
01:11:30,d78b2e1252a6,pygrid_bill_1,0.02,103.3MiB,4.851GiB,2.08,0B,0B, 86kB,115kB,4
01:11:33,d78b2e1252a6,pygrid_bill_1,0.03,103.3MiB,4.851GiB,2.08,0B,0B, 86kB,115kB,4
01:11:37,d78b2e1252a6,pygrid_bill_1,0.02,103.3MiB,4.851GiB,2.08,0B,0B, 86kB,115kB,4
01:11:40,d78b2e1252a6,pygrid_bill_1,0.02,103.3MiB,4.851GiB,2.08,0B,0B, 86kB,115kB,4
07:09:27,9e20adaa1669,pygrid_bill_1,0.37,104.8MiB,4.851GiB,2.11,0B,0B, 0B,115kB, 4
07:09:30,9e20adaa1669,pygrid_bill_1,0.02,104MiB,4.851GiB, 2.09,0B,0B, 0B,115kB, 4
07:09:33,9e20adaa1669,pygrid_bill_1,0.03,103.3MiB,4.851GiB,2.08,0B,0B, 0B,115kB, 4
07:09:36,9e20adaa1669,pygrid_bill_1,0.03,103.3MiB,4.851GiB,2.08,0B,0B, 0B,115kB, 4
07:09:39,9e20adaa1669,pygrid_bill_1,0.03,103.3MiB,4.851GiB,2.08,0B,0B, 0B,115kB, 4
07:09:42,9e20adaa1669,pygrid_bill_1,0.02,103.3MiB,4.851GiB,2.08,0B,0B, 0B,115kB, 4
07:09:45,9e20adaa1669,pygrid_bill_1,0.03,103.3MiB,4.851GiB,2.08,0B,0B, 0B,115kB, 4
07:09:48,9e20adaa1669,pygrid_bill_1,0.02,103.3MiB,4.851GiB,2.08,0B,0B, 0B,115kB, 4
07:09:51,9e20adaa1669,pygrid_bill_1,0.02,103.3MiB,4.851GiB,2.08,0B,0B, 0B,115kB, 4
07:09:54,9e20adaa1669,pygrid_bill_1,0.03,103.3MiB,4.851GiB,2.08,0B,0B, 0B,115kB, 4
07:09:57,9e20adaa1669,pygrid_bill_1,0.02,103.3MiB,4.851GiB,2.08,0B,0B, 0B,115kB, 4
07:10:00,9e20adaa1669,pygrid_bill_1,0.03,103.3MiB,4.851GiB,2.08,0B,0B, 0B,115kB, 4
07:10:03,9e20adaa1669,pygrid_bill_1,0.02,103.3MiB,4.851GiB,2.08,0B,0B, 0B,115kB, 4
07:10:06,9e20adaa1669,pygrid_bill_1,0.03,103.3MiB,4.851GiB,2.08,0B,0B, 0B,115kB, 4
07:10:09,9e20adaa1669,pygrid_bill_1,0.03,103.3MiB,4.851GiB,2.08,0B,0B, 0B,115kB, 4
07:10:12,9e20adaa1669,pygrid_bill_1,0.03,103.3MiB,4.851GiB,2.08,0B,0B, 0B,115kB, 4
07:10:15,9e20adaa1669,pygrid_bill_1,0.03,103.3MiB,4.851GiB,2.08,0B,0B, 0B,115kB, 4
07:10:18,9e20adaa1669,pygrid_bill_1,0.02,103.3MiB,4.851GiB,2.08,0B,0B, 0B,115kB, 4
07:10:21,9e20adaa1669,pygrid_bill_1,0.03,103.3MiB,4.851GiB,2.08,0B,0B, 0B,115kB, 4
07:10:24,9e20adaa1669,pygrid_bill_1,0.02,103.3MiB,4.851GiB,2.08,0B,0B, 0B,115kB, 4
07:10:27,9e20adaa1669,pygrid_bill_1,0.02,103.3MiB,4.851GiB,2.08,0B,0B, 0B,115kB, 4
07:10:30,9e20adaa1669,pygrid_bill_1,0.02,103.3MiB,4.851GiB,2.08,0B,0B, 0B,115kB, 4
07:10:33,9e20adaa1669,pygrid_bill_1,0.02,103.3MiB,4.851GiB,2.08,0B,0B, 0B,115kB, 4
07:10:36,9e20adaa1669,pygrid_bill_1,0.03,103.3MiB,4.851GiB,2.08,0B,0B, 0B,115kB, 4
07:10:39,9e20adaa1669,pygrid_bill_1,0.02,103.3MiB,4.851GiB,2.08,0B,0B, 0B,115kB, 4
07:10:42,9e20adaa1669,pygrid_bill_1,0.03,103.3MiB,4.851GiB,2.08,0B,0B, 0B,115kB, 4
07:10:45,9e20adaa1669,pygrid_bill_1,0.02,103.3MiB,4.851GiB,2.08,0B,0B, 0B,115kB, 4
07:10:48,9e20adaa1669,pygrid_bill_1,0.02,103.3MiB,4.851GiB,2.08,0B,0B, 0B,115kB, 4
07:10:52,9e20adaa1669,pygrid_bill_1,0.02,103.3MiB,4.851GiB,2.08,0B,0B, 0B,115kB, 4
07:10:55,9e20adaa1669,pygrid_bill_1,0.03,103.3MiB,4.851GiB,2.08,0B,0B, 0B,115kB, 4
07:10:58,9e20adaa1669,pygrid_bill_1,0.03,103.3MiB,4.851GiB,2.08,0B,0B, 0B,115kB, 4
07:11:01,9e20adaa1669,pygrid_bill_1,0.03,103.3MiB,4.851GiB,2.08,0B,0B, 0B,115kB, 4
07:11:04,9e20adaa1669,pygrid_bill_1,0.03,103.3MiB,4.851GiB,2.08,0B,0B, 0B,115kB, 4
07:11:07,9e20adaa1669,pygrid_bill_1,0.03,103.3MiB,4.851GiB,2.08,0B,0B, 0B,115kB, 4
07:11:10,9e20adaa1669,pygrid_bill_1,0.03,103.3MiB,4.851GiB,2.08,0B,0B, 0B,115kB, 4
07:11:13,9e20adaa1669,pygrid_bill_1,0.02,103.3MiB,4.851GiB,2.08,0B,0B, 0B,115kB, 4
07:11:16,9e20adaa1669,pygrid_bill_1,0.03,103.3MiB,4.851GiB,2.08,0B,0B, 0B,115kB, 4
07:11:19,9e20adaa1669,pygrid_bill_1,0.03,103.3MiB,4.851GiB,2.08,0B,0B, 0B,115kB, 4
07:11:22,9e20adaa1669,pygrid_bill_1,0.03,103.3MiB,4.851GiB,2.08,0B,0B, 0B,115kB, 4
07:11:25,9e20adaa1669,pygrid_bill_1,0.03,103.3MiB,4.851GiB,2.08,0B,0B, 0B,115kB, 4
07:11:28,9e20adaa1669,pygrid_bill_1,0.02,103.3MiB,4.851GiB,2.08,0B,0B, 0B,115kB, 4
07:11:31,9e20adaa1669,pygrid_bill_1,0.03,103.3MiB,4.851GiB,2.08,0B,0B, 0B,115kB, 4
07:11:34,9e20adaa1669,pygrid_bill_1,0.02,103.3MiB,4.851GiB,2.08,0B,0B, 0B,115kB, 4
07:11:37,9e20adaa1669,pygrid_bill_1,0.04,103.3MiB,4.851GiB,2.08,0B,0B, 0B,115kB, 4
07:11:40,9e20adaa1669,pygrid_bill_1,0.02,103.3MiB,4.851GiB,2.08,0B,0B, 0B,115kB, 4
07:11:43,9e20adaa1669,pygrid_bill_1,0.03,103.3MiB,4.851GiB,2.08,0B,0B, 0B,115kB, 4
07:11:46,9e20adaa1669,pygrid_bill_1,0.02,103.3MiB,4.851GiB,2.08,0B,0B, 0B,115kB, 4
07:11:49,9e20adaa1669,pygrid_bill_1,0.04,103.3MiB,4.851GiB,2.08,0B,0B, 0B,115kB, 4
07:11:52,9e20adaa1669,pygrid_bill_1,0.03,103.3MiB,4.851GiB,2.08,0B,0B, 0B,115kB, 4
07:11:55,9e20adaa1669,pygrid_bill_1,0.02,103.3MiB,4.851GiB,2.08,0B,0B, 0B,115kB, 4
07:11:58,9e20adaa1669,pygrid_bill_1,0.02,103.3MiB,4.851GiB,2.08,0B,0B, 0B,115kB, 4
07:12:01,9e20adaa1669,pygrid_bill_1,0.03,103.3MiB,4.851GiB,2.08,0B,0B, 0B,115kB, 4
07:12:04,9e20adaa1669,pygrid_bill_1,0.03,103.3MiB,4.851GiB,2.08,0B,0B, 0B,115kB, 4
07:12:07,9e20adaa1669,pygrid_bill_1,0.03,103.3MiB,4.851GiB,2.08,0B,0B, 0B,115kB, 4
07:12:10,9e20adaa1669,pygrid_bill_1,0.02,103.3MiB,4.851GiB,2.08,0B,0B, 0B,115kB, 4
07:12:13,9e20adaa1669,pygrid_bill_1,0.03,103.3MiB,4.851GiB,2.08,0B,0B, 0B,115kB, 4
07:12:16,9e20adaa1669,pygrid_bill_1,0.02,103.3MiB,4.851GiB,2.08,0B,0B, 0B,115kB, 4
07:12:19,9e20adaa1669,pygrid_bill_1,0.03,103.3MiB,4.851GiB,2.08,0B,0B, 0B,115kB, 4
07:12:22,9e20adaa1669,pygrid_bill_1,0.03,103.3MiB,4.851GiB,2.08,0B,0B, 0B,115kB, 4
07:12:25,9e20adaa1669,pygrid_bill_1,0.03,103.3MiB,4.851GiB,2.08,0B,0B, 0B,115kB, 4
07:12:28,9e20adaa1669,pygrid_bill_1,0.02,103.3MiB,4.851GiB,2.08,0B,0B, 0B,115kB, 4
07:12:31,9e20adaa1669,pygrid_bill_1,0.03,103.3MiB,4.851GiB,2.08,0B,0B, 0B,115kB, 4
07:12:34,9e20adaa1669,pygrid_bill_1,0.02,103.3MiB,4.851GiB,2.08,0B,0B, 0B,115kB, 4
07:12:37,9e20adaa1669,pygrid_bill_1,0.02,103.3MiB,4.851GiB,2.08,0B,0B, 0B,115kB, 4
07:12:40,9e20adaa1669,pygrid_bill_1,0.02,103.3MiB,4.851GiB,2.08,0B,0B, 0B,115kB, 4
07:12:43,9e20adaa1669,pygrid_bill_1,0.03,103.3MiB,4.851GiB,2.08,0B,0B, 0B,115kB, 4
07:12:46,9e20adaa1669,pygrid_bill_1,0.03,103.3MiB,4.851GiB,2.08,0B,0B, 0B,115kB, 4
07:12:49,9e20adaa1669,pygrid_bill_1,0.03,103.3MiB,4.851GiB,2.08,0B,0B, 0B,115kB, 4
07:12:52,9e20adaa1669,pygrid_bill_1,0.03,103.3MiB,4.851GiB,2.08,0B,0B, 0B,115kB, 4
07:12:55,9e20adaa1669,pygrid_bill_1,0.02,103.3MiB,4.851GiB,2.08,0B,0B, 0B,115kB, 4
07:12:58,9e20adaa1669,pygrid_bill_1,0.02,103.3MiB,4.851GiB,2.08,0B,0B, 0B,115kB, 4
07:13:01,9e20adaa1669,pygrid_bill_1,0.02,103.3MiB,4.851GiB,2.08,0B,0B, 0B,115kB, 4
07:13:04,9e20adaa1669,pygrid_bill_1,0.03,103.3MiB,4.851GiB,2.08,0B,0B, 0B,115kB, 4
07:13:07,9e20adaa1669,pygrid_bill_1,0.02,103.3MiB,4.851GiB,2.08,0B,0B, 0B,115kB, 4
07:13:10,9e20adaa1669,pygrid_bill_1,0.03,103.3MiB,4.851GiB,2.08,0B,0B, 0B,115kB, 4
07:13:13,9e20adaa1669,pygrid_bill_1,0.02,103.3MiB,4.851GiB,2.08,0B,0B, 0B,115kB, 4
07:13:16,9e20adaa1669,pygrid_bill_1,0.03,103.3MiB,4.851GiB,2.08,0B,0B, 0B,115kB, 4
07:13:19,9e20adaa1669,pygrid_bill_1,0.02,103.3MiB,4.851GiB,2.08,0B,0B, 0B,115kB, 4
07:13:22,9e20adaa1669,pygrid_bill_1,0.02,103.3MiB,4.851GiB,2.08,0B,0B, 0B,115kB, 4
07:13:25,9e20adaa1669,pygrid_bill_1,0.02,103.3MiB,4.851GiB,2.08,0B,0B, 0B,115kB, 4
07:13:28,9e20adaa1669,pygrid_bill_1,0.02,103.3MiB,4.851GiB,2.08,0B,0B, 0B,115kB, 4
07:13:31,9e20adaa1669,pygrid_bill_1,0.03,103.3MiB,4.851GiB,2.08,0B,0B, 0B,115kB, 4
07:13:34,9e20adaa1669,pygrid_bill_1,0.03,103.3MiB,4.851GiB,2.08,0B,0B, 0B,115kB, 4
07:13:37,9e20adaa1669,pygrid_bill_1,0.03,103.3MiB,4.851GiB,2.08,0B,0B, 0B,115kB, 4
07:13:40,9e20adaa1669,pygrid_bill_1,0.02,103.3MiB,4.851GiB,2.08,0B,0B, 0B,115kB, 4
07:13:43,9e20adaa1669,pygrid_bill_1,0.03,103.3MiB,4.851GiB,2.08,0B,0B, 0B,115kB, 4
07:13:47,9e20adaa1669,pygrid_bill_1,0.03,103.3MiB,4.851GiB,2.08,0B,0B, 0B,115kB, 4
07:13:50,9e20adaa1669,pygrid_bill_1,0.02,103.3MiB,4.851GiB,2.08,0B,0B, 0B,115kB, 4
07:13:53,9e20adaa1669,pygrid_bill_1,0.03,103.3MiB,4.851GiB,2.08,0B,0B, 0B,115kB, 4
07:13:56,9e20adaa1669,pygrid_bill_1,0.02,103.3MiB,4.851GiB,2.08,0B,0B, 0B,115kB, 4
07:13:59,9e20adaa1669,pygrid_bill_1,0.02,103.3MiB,4.851GiB,2.08,0B,0B, 0B,115kB, 4
07:14:02,9e20adaa1669,pygrid_bill_1,0.03,103.3MiB,4.851GiB,2.08,0B,0B, 0B,115kB, 4
07:14:05,9e20adaa1669,pygrid_bill_1,0.03,103.3MiB,4.851GiB,2.08,0B,0B, 0B,115kB, 4
07:14:08,9e20adaa1669,pygrid_bill_1,0.03,103.3MiB,4.851GiB,2.08,0B,0B, 0B,115kB, 4
07:14:11,9e20adaa1669,pygrid_bill_1,0.03,103.3MiB,4.851GiB,2.08,0B,0B, 0B,115kB, 4
07:14:14,9e20adaa1669,pygrid_bill_1,0.02,103.3MiB,4.851GiB,2.08,0B,0B, 0B,115kB, 4
07:14:17,9e20adaa1669,pygrid_bill_1,0.02,103.3MiB,4.851GiB,2.08,0B,0B, 0B,115kB, 4
07:14:20,9e20adaa1669,pygrid_bill_1,0.03,103.3MiB,4.851GiB,2.08,0B,0B, 0B,115kB, 4
07:14:23,9e20adaa1669,pygrid_bill_1,0.02,103.3MiB,4.851GiB,2.08,0B,0B, 0B,115kB, 4
07:14:26,9e20adaa1669,pygrid_bill_1,0.02,103.3MiB,4.851GiB,2.08,0B,0B, 0B,115kB, 4
07:14:29,9e20adaa1669,pygrid_bill_1,0.02,103.3MiB,4.851GiB,2.08,0B,0B, 0B,115kB, 4
07:14:32,9e20adaa1669,pygrid_bill_1,0.02,103.3MiB,4.851GiB,2.08,0B,0B, 0B,115kB, 4
07:14:35,9e20adaa1669,pygrid_bill_1,0.03,103.3MiB,4.851GiB,2.08,0B,0B, 0B,115kB, 4
07:14:38,9e20adaa1669,pygrid_bill_1,0.03,103.3MiB,4.851GiB,2.08,0B,0B, 0B,115kB, 4
07:14:41,9e20adaa1669,pygrid_bill_1,0.02,103.3MiB,4.851GiB,2.08,0B,0B, 0B,115kB, 4
07:14:44,9e20adaa1669,pygrid_bill_1,0.02,103.3MiB,4.851GiB,2.08,0B,0B, 0B,115kB, 4
07:14:47,9e20adaa1669,pygrid_bill_1,0.04,103.3MiB,4.851GiB,2.08,0B,0B, 0B,115kB, 4
07:14:50,9e20adaa1669,pygrid_bill_1,0.02,103.3MiB,4.851GiB,2.08,0B,0B, 0B,115kB, 4
07:14:53,9e20adaa1669,pygrid_bill_1,0.03,103.3MiB,4.851GiB,2.08,0B,0B, 0B,115kB, 4
07:14:56,9e20adaa1669,pygrid_bill_1,0.02,103.3MiB,4.851GiB,2.08,0B,0B, 0B,115kB, 4
07:14:59,9e20adaa1669,pygrid_bill_1,0.03,103.3MiB,4.851GiB,2.08,0B,0B, 0B,115kB, 4
07:15:02,9e20adaa1669,pygrid_bill_1,0.03,103.3MiB,4.851GiB,2.08,0B,0B, 0B,115kB, 4
07:15:05,9e20adaa1669,pygrid_bill_1,0.02,103.3MiB,4.851GiB,2.08,0B,0B, 0B,115kB, 4
07:15:08,9e20adaa1669,pygrid_bill_1,0.02,103.3MiB,4.851GiB,2.08,0B,0B, 0B,115kB, 4
07:15:11,9e20adaa1669,pygrid_bill_1,0.03,103.3MiB,4.851GiB,2.08,0B,0B, 0B,115kB, 4
07:15:14,9e20adaa1669,pygrid_bill_1,0.02,103.3MiB,4.851GiB,2.08,0B,0B, 0B,115kB, 4
07:15:17,9e20adaa1669,pygrid_bill_1,0.02,103.3MiB,4.851GiB,2.08,0B,0B, 0B,115kB, 4
07:15:20,9e20adaa1669,pygrid_bill_1,0.02,103.3MiB,4.851GiB,2.08,0B,0B, 0B,115kB, 4
07:15:23,9e20adaa1669,pygrid_bill_1,0.02,103.3MiB,4.851GiB,2.08,0B,0B, 0B,115kB, 4
07:15:26,9e20adaa1669,pygrid_bill_1,0.03,103.3MiB,4.851GiB,2.08,0B,0B, 0B,115kB, 4
07:15:29,9e20adaa1669,pygrid_bill_1,0.02,103.3MiB,4.851GiB,2.08,0B,0B, 0B,115kB, 4
07:15:32,9e20adaa1669,pygrid_bill_1,0.02,103.3MiB,4.851GiB,2.08,0B,0B, 0B,115kB, 4
07:15:35,9e20adaa1669,pygrid_bill_1,0.02,103.3MiB,4.851GiB,2.08,0B,0B, 0B,115kB, 4
07:15:38,9e20adaa1669,pygrid_bill_1,0.02,103.3MiB,4.851GiB,2.08,0B,0B, 0B,115kB, 4
07:15:41,9e20adaa1669,pygrid_bill_1,0.02,103.3MiB,4.851GiB,2.08,0B,0B, 0B,115kB, 4
07:15:44,9e20adaa1669,pygrid_bill_1,0.03,103.3MiB,4.851GiB,2.08,0B,0B, 0B,115kB, 4
07:15:47,9e20adaa1669,pygrid_bill_1,0.03,103.3MiB,4.851GiB,2.08,0B,0B, 0B,115kB, 4
07:15:50,9e20adaa1669,pygrid_bill_1,0.03,103.3MiB,4.851GiB,2.08,0B,0B, 0B,115kB, 4
07:15:53,9e20adaa1669,pygrid_bill_1,0.03,103.3MiB,4.851GiB,2.08,0B,0B, 0B,115kB, 4
07:15:56,9e20adaa1669,pygrid_bill_1,0.03,103.3MiB,4.851GiB,2.08,0B,0B, 0B,115kB, 4
07:15:59,9e20adaa1669,pygrid_bill_1,0.03,103.3MiB,4.851GiB,2.08,0B,0B, 0B,115kB, 4
07:16:02,9e20adaa1669,pygrid_bill_1,0.03,103.3MiB,4.851GiB,2.08,0B,0B, 0B,115kB, 4
07:16:05,9e20adaa1669,pygrid_bill_1,0.02,103.3MiB,4.851GiB,2.08,0B,0B, 0B,115kB, 4
07:16:08,9e20adaa1669,pygrid_bill_1,0.02,103.3MiB,4.851GiB,2.08,0B,0B, 0B,115kB, 4
07:16:11,9e20adaa1669,pygrid_bill_1,0.03,103.3MiB,4.851GiB,2.08,0B,0B, 0B,115kB, 4
07:16:14,9e20adaa1669,pygrid_bill_1,0.03,103.3MiB,4.851GiB,2.08,0B,0B, 0B,115kB, 4
07:16:17,9e20adaa1669,pygrid_bill_1,0.03,103.3MiB,4.851GiB,2.08,0B,0B, 0B,115kB, 4
07:16:20,9e20adaa1669,pygrid_bill_1,0.03,103.3MiB,4.851GiB,2.08,0B,0B, 0B,115kB, 4
07:16:23,9e20adaa1669,pygrid_bill_1,0.03,103.3MiB,4.851GiB,2.08,0B,0B, 0B,115kB, 4
07:16:26,9e20adaa1669,pygrid_bill_1,0.02,103.3MiB,4.851GiB,2.08,0B,0B, 0B,115kB, 4
07:16:29,9e20adaa1669,pygrid_bill_1,0.02,103.3MiB,4.851GiB,2.08,0B,0B, 0B,115kB, 4
07:16:32,9e20adaa1669,pygrid_bill_1,0.02,103.3MiB,4.851GiB,2.08,0B,0B, 0B,115kB, 4
07:16:35,9e20adaa1669,pygrid_bill_1,0.02,103.3MiB,4.851GiB,2.08,0B,0B, 0B,115kB, 4
07:16:38,9e20adaa1669,pygrid_bill_1,0.02,103.3MiB,4.851GiB,2.08,0B,0B, 0B,115kB, 4
07:16:42,9e20adaa1669,pygrid_bill_1,0.03,103.3MiB,4.851GiB,2.08,0B,0B, 0B,115kB, 4
07:16:45,9e20adaa1669,pygrid_bill_1,0.02,103.3MiB,4.851GiB,2.08,0B,0B, 0B,115kB, 4
07:16:48,9e20adaa1669,pygrid_bill_1,0.03,103.3MiB,4.851GiB,2.08,0B,0B, 0B,115kB, 4
07:16:51,9e20adaa1669,pygrid_bill_1,0.02,103.3MiB,4.851GiB,2.08,0B,0B, 0B,115kB, 4
07:16:54,9e20adaa1669,pygrid_bill_1,0.03,103.3MiB,4.851GiB,2.08,0B,0B, 0B,115kB, 4
07:16:57,9e20adaa1669,pygrid_bill_1,0.02,103.3MiB,4.851GiB,2.08,0B,0B, 0B,115kB, 4
07:17:00,9e20adaa1669,pygrid_bill_1,0.02,103.3MiB,4.851GiB,2.08,0B,0B, 0B,115kB, 4
07:17:03,9e20adaa1669,pygrid_bill_1,0.03,103.3MiB,4.851GiB,2.08,0B,0B, 0B,115kB, 4
07:17:06,9e20adaa1669,pygrid_bill_1,0.03,103.3MiB,4.851GiB,2.08,0B,0B, 0B,115kB, 4
07:17:09,9e20adaa1669,pygrid_bill_1,0.02,103.3MiB,4.851GiB,2.08,0B,0B, 0B,115kB, 4
07:17:12,9e20adaa1669,pygrid_bill_1,0.04,103.3MiB,4.851GiB,2.08,0B,0B, 0B,115kB, 4
07:17:15,9e20adaa1669,pygrid_bill_1,0.03,103.3MiB,4.851GiB,2.08,0B,0B, 0B,115kB, 4
07:17:18,9e20adaa1669,pygrid_bill_1,0.03,103.3MiB,4.851GiB,2.08,0B,0B, 0B,115kB, 4
07:17:21,9e20adaa1669,pygrid_bill_1,0.02,103.3MiB,4.851GiB,2.08,0B,0B, 0B,115kB, 4
07:17:24,9e20adaa1669,pygrid_bill_1,0.02,103.3MiB,4.851GiB,2.08,0B,0B, 0B,115kB, 4
07:17:27,9e20adaa1669,pygrid_bill_1,0.03,103.3MiB,4.851GiB,2.08,0B,0B, 0B,115kB, 4
07:17:30,9e20adaa1669,pygrid_bill_1,0.02,103.3MiB,4.851GiB,2.08,0B,0B, 0B,115kB, 4
07:17:33,9e20adaa1669,pygrid_bill_1,0.02,103.3MiB,4.851GiB,2.08,0B,0B, 0B,115kB, 4
07:17:36,9e20adaa1669,pygrid_bill_1,0.03,103.3MiB,4.851GiB,2.08,0B,0B, 0B,115kB, 4
07:17:39,9e20adaa1669,pygrid_bill_1,0.02,103.3MiB,4.851GiB,2.08,0B,0B, 0B,115kB, 4
07:17:42,9e20adaa1669,pygrid_bill_1,0.02,103.3MiB,4.851GiB,2.08,0B,0B, 0B,115kB, 4
07:17:45,9e20adaa1669,pygrid_bill_1,0.03,103.3MiB,4.851GiB,2.08,0B,0B, 0B,115kB, 4
07:17:48,9e20adaa1669,pygrid_bill_1,0.03,103.3MiB,4.851GiB,2.08,0B,0B, 0B,115kB, 4
07:17:51,9e20adaa1669,pygrid_bill_1,0.03,103.3MiB,4.851GiB,2.08,0B,0B, 0B,115kB, 4
07:17:54,9e20adaa1669,pygrid_bill_1,0.02,103.3MiB,4.851GiB,2.08,0B,0B, 0B,115kB, 4
07:17:57,9e20adaa1669,pygrid_bill_1,0.05,103.3MiB,4.851GiB,2.08,0B,0B, 0B,115kB, 4
07:18:00,9e20adaa1669,pygrid_bill_1,0.03,103.3MiB,4.851GiB,2.08,0B,0B, 0B,115kB, 4
07:18:03,9e20adaa1669,pygrid_bill_1,0.03,103.3MiB,4.851GiB,2.08,0B,0B, 0B,115kB, 4
07:18:06,9e20adaa1669,pygrid_bill_1,0.02,103.3MiB,4.851GiB,2.08,0B,0B, 0B,115kB, 4
07:18:09,9e20adaa1669,pygrid_bill_1,0.03,103.3MiB,4.851GiB,2.08,0B,0B, 0B,115kB, 4
07:18:12,9e20adaa1669,pygrid_bill_1,0.03,103.3MiB,4.851GiB,2.08,0B,0B, 0B,115kB, 4
07:18:15,9e20adaa1669,pygrid_bill_1,0.03,103.3MiB,4.851GiB,2.08,0B,0B, 0B,115kB, 4
07:18:18,9e20adaa1669,pygrid_bill_1,0.02,103.3MiB,4.851GiB,2.08,0B,0B, 0B,115kB, 4
07:18:21,9e20adaa1669,pygrid_bill_1,0.02,103.3MiB,4.851GiB,2.08,0B,0B, 0B,115kB, 4
07:18:24,9e20adaa1669,pygrid_bill_1,0.02,103.3MiB,4.851GiB,2.08,0B,0B, 0B,115kB, 4
07:18:27,9e20adaa1669,pygrid_bill_1,0.02,103.3MiB,4.851GiB,2.08,0B,0B, 0B,115kB, 4
07:18:30,9e20adaa1669,pygrid_bill_1,0.02,103.3MiB,4.851GiB,2.08,0B,0B, 0B,115kB, 4
07:18:33,9e20adaa1669,pygrid_bill_1,0.02,103.3MiB,4.851GiB,2.08,0B,0B, 0B,115kB, 4
07:18:36,9e20adaa1669,pygrid_bill_1,0.02,103.3MiB,4.851GiB,2.08,0B,0B, 0B,115kB, 4
07:18:39,9e20adaa1669,pygrid_bill_1,0.02,103.3MiB,4.851GiB,2.08,0B,0B, 0B,115kB, 4
07:18:42,9e20adaa1669,pygrid_bill_1,0.02,103.3MiB,4.851GiB,2.08,0B,0B, 0B,115kB, 4
07:18:45,9e20adaa1669,pygrid_bill_1,0.02,103.3MiB,4.851GiB,2.08,0B,0B, 0B,115kB, 4
07:18:48,9e20adaa1669,pygrid_bill_1,0.02,103.3MiB,4.851GiB,2.08,0B,0B, 0B,115kB, 4
07:18:51,9e20adaa1669,pygrid_bill_1,0.02,103.3MiB,4.851GiB,2.08,0B,0B, 0B,115kB, 4
07:18:54,9e20adaa1669,pygrid_bill_1,0.02,103.3MiB,4.851GiB,2.08,0B,0B, 0B,115kB, 4
07:18:57,9e20adaa1669,pygrid_bill_1,0.03,103.3MiB,4.851GiB,2.08,0B,0B, 0B,115kB, 4
07:19:00,9e20adaa1669,pygrid_bill_1,0.02,103.3MiB,4.851GiB,2.08,0B,0B, 0B,115kB, 4
07:19:03,9e20adaa1669,pygrid_bill_1,0.03,103.3MiB,4.851GiB,2.08,0B,0B, 0B,115kB, 4
07:19:06,9e20adaa1669,pygrid_bill_1,0.03,103.3MiB,4.851GiB,2.08,0B,0B, 0B,115kB, 4
07:19:09,9e20adaa1669,pygrid_bill_1,0.02,103.3MiB,4.851GiB,2.08,0B,0B, 0B,115kB, 4
07:19:12,9e20adaa1669,pygrid_bill_1,0.02,103.3MiB,4.851GiB,2.08,0B,0B, 0B,115kB, 4
07:19:15,9e20adaa1669,pygrid_bill_1,0.02,103.3MiB,4.851GiB,2.08,0B,0B, 0B,115kB, 4
07:19:18,9e20adaa1669,pygrid_bill_1,0.02,103.3MiB,4.851GiB,2.08,0B,0B, 0B,115kB, 4
07:19:21,9e20adaa1669,pygrid_bill_1,0.02,103.3MiB,4.851GiB,2.08,0B,0B, 0B,115kB, 4
07:19:24,9e20adaa1669,pygrid_bill_1,0.02,103.3MiB,4.851GiB,2.08,0B,0B, 0B,115kB, 4
07:19:27,9e20adaa1669,pygrid_bill_1,0.02,103.3MiB,4.851GiB,2.08,0B,0B, 0B,115kB, 4
07:19:30,9e20adaa1669,pygrid_bill_1,0.02,103.3MiB,4.851GiB,2.08,0B,0B, 0B,115kB, 4
07:19:33,9e20adaa1669,pygrid_bill_1,0.02,103.3MiB,4.851GiB,2.08,0B,0B, 0B,115kB, 4
07:19:36,9e20adaa1669,pygrid_bill_1,0.02,103.3MiB,4.851GiB,2.08,0B,0B, 0B,115kB, 4
07:19:39,9e20adaa1669,pygrid_bill_1,0.02,103.3MiB,4.851GiB,2.08,0B,0B, 0B,115kB, 4
07:19:42,9e20adaa1669,pygrid_bill_1,0.02,103.3MiB,4.851GiB,2.08,0B,0B, 0B,115kB, 4
07:19:45,9e20adaa1669,pygrid_bill_1,0.03,103.3MiB,4.851GiB,2.08,0B,0B, 0B,115kB, 4
07:19:49,9e20adaa1669,pygrid_bill_1,0.03,103.3MiB,4.851GiB,2.08,0B,0B, 0B,115kB, 4
07:19:52,9e20adaa1669,pygrid_bill_1,0.02,103.3MiB,4.851GiB,2.08,0B,0B, 0B,115kB, 4
07:19:55,9e20adaa1669,pygrid_bill_1,0.03,103.3MiB,4.851GiB,2.08,0B,0B, 0B,115kB, 4
07:19:58,9e20adaa1669,pygrid_bill_1,0.02,103.3MiB,4.851GiB,2.08,0B,0B, 0B,115kB, 4
07:20:01,9e20adaa1669,pygrid_bill_1,0.02,103.3MiB,4.851GiB,2.08,0B,0B, 0B,115kB, 4
07:20:04,9e20adaa1669,pygrid_bill_1,0.02,103.3MiB,4.851GiB,2.08,0B,0B, 0B,115kB, 4
07:20:07,9e20adaa1669,pygrid_bill_1,0.02,103.3MiB,4.851GiB,2.08,0B,0B, 0B,115kB, 4
07:20:10,9e20adaa1669,pygrid_bill_1,0.03,103.3MiB,4.851GiB,2.08,0B,0B, 0B,115kB, 4
07:20:13,9e20adaa1669,pygrid_bill_1,0.02,103.3MiB,4.851GiB,2.08,0B,0B, 0B,115kB, 4
07:20:16,9e20adaa1669,pygrid_bill_1,0.03,103.3MiB,4.851GiB,2.08,0B,0B, 0B,115kB, 4
07:20:19,9e20adaa1669,pygrid_bill_1,0.03,103.3MiB,4.851GiB,2.08,0B,0B, 0B,115kB, 4
07:20:22,9e20adaa1669,pygrid_bill_1,0.02,103.3MiB,4.851GiB,2.08,0B,0B, 0B,115kB, 4
07:20:25,9e20adaa1669,pygrid_bill_1,0.03,103.3MiB,4.851GiB,2.08,0B,0B, 0B,115kB, 4
07:20:28,9e20adaa1669,pygrid_bill_1,0.02,103.3MiB,4.851GiB,2.08,0B,0B, 0B,115kB, 4
07:20:31,9e20adaa1669,pygrid_bill_1,0.02,103.3MiB,4.851GiB,2.08,0B,0B, 0B,115kB, 4
07:20:34,9e20adaa1669,pygrid_bill_1,0.02,103.3MiB,4.851GiB,2.08,0B,0B, 0B,115kB, 4
07:20:37,9e20adaa1669,pygrid_bill_1,0.02,103.3MiB,4.851GiB,2.08,0B,0B, 0B,115kB, 4
07:20:40,9e20adaa1669,pygrid_bill_1,0.02,103.3MiB,4.851GiB,2.08,0B,0B, 0B,115kB, 4
07:20:43,9e20adaa1669,pygrid_bill_1,0.02,103.3MiB,4.851GiB,2.08,0B,0B, 0B,115kB, 4
07:20:46,9e20adaa1669,pygrid_bill_1,0.02,103.3MiB,4.851GiB,2.08,0B,0B, 0B,115kB, 4
07:20:49,9e20adaa1669,pygrid_bill_1,0.02,103.3MiB,4.851GiB,2.08,0B,0B, 0B,115kB, 4
07:20:52,9e20adaa1669,pygrid_bill_1,0.03,103.3MiB,4.851GiB,2.08,0B,0B, 0B,115kB, 4
07:20:55,9e20adaa1669,pygrid_bill_1,0.02,103.3MiB,4.851GiB,2.08,0B,0B, 0B,115kB, 4
07:20:58,9e20adaa1669,pygrid_bill_1,0.02,103.3MiB,4.851GiB,2.08,0B,0B, 0B,115kB, 4
07:21:01,9e20adaa1669,pygrid_bill_1,0.02,103.3MiB,4.851GiB,2.08,0B,0B, 0B,115kB, 4
07:21:04,9e20adaa1669,pygrid_bill_1,0.02,103.3MiB,4.851GiB,2.08,0B,0B, 0B,115kB, 4
07:21:07,9e20adaa1669,pygrid_bill_1,0.02,103.3MiB,4.851GiB,2.08,0B,0B, 0B,115kB, 4
07:21:10,9e20adaa1669,pygrid_bill_1,0.04,103.3MiB,4.851GiB,2.08,0B,0B, 0B,115kB, 4
07:21:13,9e20adaa1669,pygrid_bill_1,0.02,103.3MiB,4.851GiB,2.08,0B,0B, 0B,115kB, 4
07:21:16,9e20adaa1669,pygrid_bill_1,0.03,103.3MiB,4.851GiB,2.08,0B,0B, 0B,115kB, 4
07:21:19,9e20adaa1669,pygrid_bill_1,0.02,103.3MiB,4.851GiB,2.08,0B,0B, 0B,115kB, 4
07:21:22,9e20adaa1669,pygrid_bill_1,0.02,103.3MiB,4.851GiB,2.08,0B,0B, 0B,115kB, 4
07:21:25,9e20adaa1669,pygrid_bill_1,0.02,103.3MiB,4.851GiB,2.08,0B,0B, 0B,115kB, 4
07:21:28,9e20adaa1669,pygrid_bill_1,0.02,103.3MiB,4.851GiB,2.08,0B,0B, 0B,115kB, 4
07:21:31,9e20adaa1669,pygrid_bill_1,0.02,103.3MiB,4.851GiB,2.08,0B,0B, 0B,115kB, 4
07:21:34,9e20adaa1669,pygrid_bill_1,0.02,103.3MiB,4.851GiB,2.08,0B,0B, 0B,115kB, 4
07:21:37,9e20adaa1669,pygrid_bill_1,0.03,103.3MiB,4.851GiB,2.08,0B,0B, 0B,115kB, 4
07:21:40,9e20adaa1669,pygrid_bill_1,0.02,103.3MiB,4.851GiB,2.08,0B,0B, 0B,115kB, 4
