00:59:54,e7f26bbceb59,pygrid_alice_1,0.02,104.8MiB,4.851GiB,2.11,0B,0B, 135kB,115kB,4
00:59:57,e7f26bbceb59,pygrid_alice_1,0.02,104.9MiB,4.851GiB,2.11,0B,0B, 135kB,115kB,4
01:00:00,e7f26bbceb59,pygrid_alice_1,0.03,104.9MiB,4.851GiB,2.11,0B,0B, 135kB,115kB,4
01:00:03,e7f26bbceb59,pygrid_alice_1,12.07,169.7MiB,4.851GiB,3.42,0B,0B, 135kB,19.4MB,4
01:00:06,e7f26bbceb59,pygrid_alice_1,0.03,169.7MiB,4.851GiB,3.42,0B,0B, 135kB,19.4MB,4
01:00:09,e7f26bbceb59,pygrid_alice_1,17.47,169.8MiB,4.851GiB,3.42,0B,0B, 135kB,23.8MB,4
01:00:12,e7f26bbceb59,pygrid_alice_1,13.93,183.1MiB,4.851GiB,3.69,0B,0B, 135kB,27.8MB,4
01:00:15,e7f26bbceb59,pygrid_alice_1,17.70,204.1MiB,4.851GiB,4.11,0B,0B, 135kB,32.2MB,4
01:00:18,e7f26bbceb59,pygrid_alice_1,15.04,223.6MiB,4.851GiB,4.50,0B,0B, 135kB,36.3MB,4
01:00:21,e7f26bbceb59,pygrid_alice_1,63.08,718.4MiB,4.851GiB,14.46,0B,0B, 135kB,44.4MB,4
07:09:00,f3aa11a87925,pygrid_alice_1,0.03,104.9MiB,4.851GiB,2.11,0B,0B, 250kB,115kB,4
07:09:03,f3aa11a87925,pygrid_alice_1,0.02,104.9MiB,4.851GiB,2.11,0B,0B, 250kB,115kB,4
07:09:06,f3aa11a87925,pygrid_alice_1,0.03,104.9MiB,4.851GiB,2.11,0B,0B, 250kB,115kB,4
07:09:09,f3aa11a87925,pygrid_alice_1,0.02,169.7MiB,4.851GiB,3.42,0B,0B, 250kB,19.4MB,4
07:09:12,f3aa11a87925,pygrid_alice_1,3.66,169.7MiB,4.851GiB,3.42,0B,0B, 250kB,19.7MB,4
07:09:15,f3aa11a87925,pygrid_alice_1,16.22,169.9MiB,4.851GiB,3.42,0B,0B, 250kB,23.8MB,4
07:09:18,f3aa11a87925,pygrid_alice_1,15.06,183.2MiB,4.851GiB,3.69,0B,0B, 250kB,27.8MB,4
07:09:21,f3aa11a87925,pygrid_alice_1,18.29,202.7MiB,4.851GiB,4.08,0B,0B, 250kB,31.9MB,4
07:09:24,f3aa11a87925,pygrid_alice_1,18.42,222.2MiB,4.851GiB,4.47,0B,0B, 250kB,36MB,4
07:09:27,f3aa11a87925,pygrid_alice_1,9.89,233.3MiB,4.851GiB,4.70,0B,0B, 250kB,38.5MB,4
01:00:21,e7f26bbceb59,pygrid_alice_1,63.08,718.4MiB,4.851GiB,14.46,0B,0B, 135kB,44.4MB,4
01:00:24,e7f26bbceb59,pygrid_alice_1,65.21,1.111GiB,4.851GiB,22.90,0B,0B, 262kB,701MB,4
01:00:27,e7f26bbceb59,pygrid_alice_1,50.79,977.3MiB,4.851GiB,19.68,0B,0B, 1.5MB,2.33GB,4
01:00:30,e7f26bbceb59,pygrid_alice_1,61.44,1.029GiB,4.851GiB,21.20,0B,0B, 1.5MB,4.01GB,4
01:00:33,e7f26bbceb59,pygrid_alice_1,100.37, 898.6MiB,4.851GiB,18.09,0B,0B, 1.61MB,5.28GB, 6
01:00:36,e7f26bbceb59,pygrid_alice_1,81.28,564.2MiB,4.851GiB,11.36,0B,0B, 1.61MB,5.84GB, 6
01:00:39,e7f26bbceb59,pygrid_alice_1,73.65,560.2MiB,4.851GiB,11.28,0B,0B, 1.61MB,6.65GB, 6
01:00:42,e7f26bbceb59,pygrid_alice_1,58.95,604.2MiB,4.851GiB,12.16,0B,0B, 1.61MB,7.4GB,6
01:00:45,e7f26bbceb59,pygrid_alice_1,58.48,661.7MiB,4.851GiB,13.32,0B,0B, 1.61MB,8.06GB, 6
01:00:48,e7f26bbceb59,pygrid_alice_1,60.92,692MiB,4.851GiB, 13.93,0B,0B, 1.61MB,8.67GB, 6
01:00:51,e7f26bbceb59,pygrid_alice_1,71.18,661.7MiB,4.851GiB,13.32,0B,0B, 1.61MB,9.13GB, 6
01:00:54,e7f26bbceb59,pygrid_alice_1,70.15,683.7MiB,4.851GiB,13.77,0B,0B, 1.61MB,9.57GB, 6
01:00:57,e7f26bbceb59,pygrid_alice_1,62.05,639.8MiB,4.851GiB,12.88,0B,0B, 1.61MB,10.2GB, 6
01:01:00,e7f26bbceb59,pygrid_alice_1,53.71,672.3MiB,4.851GiB,13.54,0B,0B, 1.61MB,10.7GB, 6
01:01:03,e7f26bbceb59,pygrid_alice_1,68.65,683.9MiB,4.851GiB,13.77,0B,0B, 1.61MB,11.2GB, 6
01:01:06,e7f26bbceb59,pygrid_alice_1,69.39,683.8MiB,4.851GiB,13.77,0B,0B, 1.61MB,11.6GB, 6
01:01:09,e7f26bbceb59,pygrid_alice_1,49.99,683.8MiB,4.851GiB,13.77,0B,0B, 1.61MB,12.2GB, 6
01:01:12,e7f26bbceb59,pygrid_alice_1,60.97,706MiB,4.851GiB, 14.21,0B,0B, 1.61MB,12.7GB, 6
01:01:15,e7f26bbceb59,pygrid_alice_1,81.02,750.1MiB,4.851GiB,15.10,0B,0B, 1.61MB,13.2GB, 6
01:01:18,e7f26bbceb59,pygrid_alice_1,71.75,793.9MiB,4.851GiB,15.98,0B,0B, 1.61MB,13.8GB, 6
01:01:21,e7f26bbceb59,pygrid_alice_1,50.40,846.1MiB,4.851GiB,17.03,0B,0B, 1.61MB,14.3GB, 6
01:01:24,e7f26bbceb59,pygrid_alice_1,55.04,816.2MiB,4.851GiB,16.43,0B,0B, 1.61MB,14.9GB, 6
01:01:27,e7f26bbceb59,pygrid_alice_1,71.72,793MiB,4.851GiB, 15.97,0B,0B, 1.61MB,15.3GB, 6
01:01:30,e7f26bbceb59,pygrid_alice_1,74.38,823.3MiB,4.851GiB,16.58,0B,0B, 1.61MB,15.8GB, 6
01:01:33,e7f26bbceb59,pygrid_alice_1,54.31,823.3MiB,4.851GiB,16.58,0B,0B, 1.61MB,16.4GB, 6
01:01:36,e7f26bbceb59,pygrid_alice_1,53.80,823.5MiB,4.851GiB,16.58,0B,0B, 1.61MB,17GB,6
01:01:39,e7f26bbceb59,pygrid_alice_1,73.11,823.4MiB,4.851GiB,16.58,0B,0B, 1.61MB,17.5GB, 6
01:01:42,e7f26bbceb59,pygrid_alice_1,78.38,819.9MiB,4.851GiB,16.51,0B,0B, 1.61MB,18GB,6
01:01:45,e7f26bbceb59,pygrid_alice_1,63.27,793.1MiB,4.851GiB,15.97,0B,0B, 1.61MB,18.5GB, 6
01:01:48,e7f26bbceb59,pygrid_alice_1,52.18,793.2MiB,4.851GiB,15.97,0B,0B, 1.61MB,19.1GB, 6
01:01:51,e7f26bbceb59,pygrid_alice_1,55.43,793.2MiB,4.851GiB,15.97,0B,0B, 1.61MB,19.7GB, 6
01:01:55,e7f26bbceb59,pygrid_alice_1,69.03,793.2MiB,4.851GiB,15.97,0B,0B, 1.61MB,20.2GB, 6
01:01:58,e7f26bbceb59,pygrid_alice_1,79.24,793.3MiB,4.851GiB,15.97,0B,0B, 1.61MB,20.8GB, 6
01:02:01,e7f26bbceb59,pygrid_alice_1,69.87,823.6MiB,4.851GiB,16.58,0B,0B, 1.61MB,21.3GB, 6
01:02:04,e7f26bbceb59,pygrid_alice_1,50.09,823.6MiB,4.851GiB,16.58,0B,0B, 1.61MB,21.9GB, 6
01:02:07,e7f26bbceb59,pygrid_alice_1,63.98,823.7MiB,4.851GiB,16.58,0B,0B, 1.61MB,22.4GB, 6
01:02:10,e7f26bbceb59,pygrid_alice_1,75.64,823.8MiB,4.851GiB,16.58,0B,0B, 1.61MB,23GB,6
01:02:13,e7f26bbceb59,pygrid_alice_1,72.85,802.9MiB,4.851GiB,16.16,0B,0B, 1.61MB,23.5GB, 6
01:02:16,e7f26bbceb59,pygrid_alice_1,43.51,793.5MiB,4.851GiB,15.97,0B,0B, 1.61MB,24.1GB, 6
01:02:19,e7f26bbceb59,pygrid_alice_1,0.03,793.5MiB,4.851GiB,15.97,0B,0B, 1.61MB,24.1GB, 6
01:02:22,e7f26bbceb59,pygrid_alice_1,0.02,793.5MiB,4.851GiB,15.97,0B,0B, 1.61MB,24.1GB, 6
01:02:25,e7f26bbceb59,pygrid_alice_1,0.02,793.5MiB,4.851GiB,15.97,0B,0B, 1.61MB,24.1GB, 6
01:02:28,e7f26bbceb59,pygrid_alice_1,0.22,793.5MiB,4.851GiB,15.97,0B,0B, 1.61MB,24.1GB, 6
01:02:31,e7f26bbceb59,pygrid_alice_1,0.02,793.5MiB,4.851GiB,15.97,0B,0B, 1.61MB,24.1GB, 6
01:02:34,e7f26bbceb59,pygrid_alice_1,0.03,793.5MiB,4.851GiB,15.97,0B,0B, 1.61MB,24.1GB, 6
01:02:37,e7f26bbceb59,pygrid_alice_1,0.02,793.5MiB,4.851GiB,15.97,0B,0B, 1.61MB,24.1GB, 6
01:02:40,e7f26bbceb59,pygrid_alice_1,0.02,793.5MiB,4.851GiB,15.97,0B,0B, 1.61MB,24.1GB, 6
01:02:43,e7f26bbceb59,pygrid_alice_1,0.02,793.5MiB,4.851GiB,15.97,0B,0B, 1.61MB,24.1GB, 6
01:02:46,e7f26bbceb59,pygrid_alice_1,0.02,793.5MiB,4.851GiB,15.97,0B,0B, 1.61MB,24.1GB, 6
01:02:49,e7f26bbceb59,pygrid_alice_1,0.02,793.5MiB,4.851GiB,15.97,0B,0B, 1.61MB,24.1GB, 6
01:02:52,e7f26bbceb59,pygrid_alice_1,0.02,793.5MiB,4.851GiB,15.97,0B,0B, 1.61MB,24.1GB, 6
01:02:55,e7f26bbceb59,pygrid_alice_1,0.02,793.5MiB,4.851GiB,15.97,0B,0B, 1.61MB,24.1GB, 6
01:02:58,e7f26bbceb59,pygrid_alice_1,0.02,793.5MiB,4.851GiB,15.97,0B,0B, 1.61MB,24.1GB, 6
01:03:01,e7f26bbceb59,pygrid_alice_1,0.02,793.5MiB,4.851GiB,15.97,0B,0B, 1.61MB,24.1GB, 6
01:03:04,e7f26bbceb59,pygrid_alice_1,0.02,793.5MiB,4.851GiB,15.97,0B,0B, 1.61MB,24.1GB, 6
01:03:07,e7f26bbceb59,pygrid_alice_1,0.02,793.5MiB,4.851GiB,15.97,0B,0B, 1.61MB,24.1GB, 6
01:03:10,e7f26bbceb59,pygrid_alice_1,0.02,793.5MiB,4.851GiB,15.97,0B,0B, 1.61MB,24.1GB, 6
01:03:13,e7f26bbceb59,pygrid_alice_1,0.02,793.5MiB,4.851GiB,15.97,0B,0B, 1.61MB,24.1GB, 6
01:03:16,e7f26bbceb59,pygrid_alice_1,0.03,793.5MiB,4.851GiB,15.97,0B,0B, 1.61MB,24.1GB, 6
01:03:19,e7f26bbceb59,pygrid_alice_1,0.03,793.5MiB,4.851GiB,15.97,0B,0B, 1.61MB,24.1GB, 6
01:03:22,e7f26bbceb59,pygrid_alice_1,0.02,793.5MiB,4.851GiB,15.97,0B,0B, 1.61MB,24.1GB, 6
01:03:25,e7f26bbceb59,pygrid_alice_1,0.02,793.5MiB,4.851GiB,15.97,0B,0B, 1.61MB,24.1GB, 6
01:03:28,e7f26bbceb59,pygrid_alice_1,0.03,793.5MiB,4.851GiB,15.97,0B,0B, 1.61MB,24.1GB, 6
01:03:31,e7f26bbceb59,pygrid_alice_1,0.02,793.5MiB,4.851GiB,15.97,0B,0B, 1.61MB,24.1GB, 6
01:03:34,e7f26bbceb59,pygrid_alice_1,0.02,793.5MiB,4.851GiB,15.97,0B,0B, 1.61MB,24.1GB, 6
01:03:37,e7f26bbceb59,pygrid_alice_1,0.02,793.5MiB,4.851GiB,15.97,0B,0B, 1.61MB,24.1GB, 6
01:03:40,e7f26bbceb59,pygrid_alice_1,0.02,793.5MiB,4.851GiB,15.97,0B,0B, 1.61MB,24.1GB, 6
01:03:43,e7f26bbceb59,pygrid_alice_1,0.02,793.5MiB,4.851GiB,15.97,0B,0B, 1.61MB,24.1GB, 6
01:03:46,e7f26bbceb59,pygrid_alice_1,0.02,793.5MiB,4.851GiB,15.97,0B,0B, 1.61MB,24.1GB, 6
01:03:49,e7f26bbceb59,pygrid_alice_1,0.02,793.5MiB,4.851GiB,15.97,0B,0B, 1.61MB,24.1GB, 6
01:03:52,e7f26bbceb59,pygrid_alice_1,0.03,793.5MiB,4.851GiB,15.97,0B,0B, 1.61MB,24.1GB, 6
01:03:55,e7f26bbceb59,pygrid_alice_1,0.02,793.5MiB,4.851GiB,15.97,0B,0B, 1.61MB,24.1GB, 6
01:03:58,e7f26bbceb59,pygrid_alice_1,0.02,793.5MiB,4.851GiB,15.97,0B,0B, 1.61MB,24.1GB, 6
01:04:01,e7f26bbceb59,pygrid_alice_1,0.02,793.5MiB,4.851GiB,15.97,0B,0B, 1.61MB,24.1GB, 6
01:04:04,e7f26bbceb59,pygrid_alice_1,0.03,793.5MiB,4.851GiB,15.97,0B,0B, 1.61MB,24.1GB, 6
01:04:07,e7f26bbceb59,pygrid_alice_1,0.02,793.5MiB,4.851GiB,15.97,0B,0B, 1.61MB,24.1GB, 6
01:04:10,e7f26bbceb59,pygrid_alice_1,0.02,793.5MiB,4.851GiB,15.97,0B,0B, 1.61MB,24.1GB, 6
01:04:13,e7f26bbceb59,pygrid_alice_1,94.96,1.263GiB,4.851GiB,26.04,0B,0B, 1.61MB,24.2GB, 6
01:04:16,e7f26bbceb59,pygrid_alice_1,28.31,1.205GiB,4.851GiB,24.84,0B,0B, 5.95MB,26.1GB, 6
01:04:19,e7f26bbceb59,pygrid_alice_1,81.64,1.562GiB,4.851GiB,32.20,0B,0B, 5.95MB,27.6GB, 6
01:04:22,e7f26bbceb59,pygrid_alice_1,30.63,1.543GiB,4.851GiB,31.81,0B,0B, 5.95MB,29.5GB, 6
01:04:25,e7f26bbceb59,pygrid_alice_1,67.73,794.2MiB,4.851GiB,15.99,0B,0B, 5.95MB,29.9GB, 6
01:04:28,e7f26bbceb59,pygrid_alice_1,72.67,794.3MiB,4.851GiB,15.99,0B,0B, 5.95MB,30.7GB, 6
01:04:31,e7f26bbceb59,pygrid_alice_1,69.86,794.4MiB,4.851GiB,15.99,0B,0B, 5.95MB,31.4GB, 6
01:04:34,e7f26bbceb59,pygrid_alice_1,79.30,794.3MiB,4.851GiB,15.99,0B,0B, 5.95MB,31.9GB, 6
01:04:37,e7f26bbceb59,pygrid_alice_1,73.54,824.7MiB,4.851GiB,16.60,0B,0B, 5.95MB,32.6GB, 6
01:04:40,e7f26bbceb59,pygrid_alice_1,61.67,824.7MiB,4.851GiB,16.60,0B,0B, 5.95MB,33.2GB, 6
01:04:43,e7f26bbceb59,pygrid_alice_1,53.51,824.5MiB,4.851GiB,16.60,0B,0B, 5.95MB,33.8GB, 6
01:04:46,e7f26bbceb59,pygrid_alice_1,61.10,824.9MiB,4.851GiB,16.61,0B,0B, 5.95MB,34.4GB, 6
01:04:49,e7f26bbceb59,pygrid_alice_1,72.40,824.9MiB,4.851GiB,16.61,0B,0B, 5.95MB,34.9GB, 6
01:04:52,e7f26bbceb59,pygrid_alice_1,80.42,824.6MiB,4.851GiB,16.60,0B,0B, 5.95MB,35.4GB, 6
01:04:55,e7f26bbceb59,pygrid_alice_1,72.25,794.6MiB,4.851GiB,16.00,0B,0B, 5.95MB,35.9GB, 6
01:04:58,e7f26bbceb59,pygrid_alice_1,47.77,794.7MiB,4.851GiB,16.00,0B,0B, 5.95MB,36.6GB, 6
01:05:01,e7f26bbceb59,pygrid_alice_1,53.49,794.6MiB,4.851GiB,16.00,0B,0B, 5.95MB,37.2GB, 6
01:05:04,e7f26bbceb59,pygrid_alice_1,71.36,806.8MiB,4.851GiB,16.24,0B,0B, 5.95MB,37.7GB, 6
01:05:08,e7f26bbceb59,pygrid_alice_1,69.61,794.7MiB,4.851GiB,16.00,0B,0B, 5.95MB,38.2GB, 6
01:05:11,e7f26bbceb59,pygrid_alice_1,78.61,852.9MiB,4.851GiB,17.17,0B,0B, 5.95MB,38.7GB, 6
01:05:14,e7f26bbceb59,pygrid_alice_1,64.24,838.2MiB,4.851GiB,16.87,0B,0B, 5.95MB,39.3GB, 6
01:05:17,e7f26bbceb59,pygrid_alice_1,48.42,859.9MiB,4.851GiB,17.31,0B,0B, 5.95MB,39.8GB, 6
01:05:20,e7f26bbceb59,pygrid_alice_1,64.98,852.5MiB,4.851GiB,17.16,0B,0B, 5.95MB,40.3GB, 6
01:05:23,e7f26bbceb59,pygrid_alice_1,78.99,870.1MiB,4.851GiB,17.52,0B,0B, 5.95MB,40.8GB, 6
01:05:26,e7f26bbceb59,pygrid_alice_1,62.29,852.3MiB,4.851GiB,17.16,0B,0B, 5.95MB,41.3GB, 6
01:05:29,e7f26bbceb59,pygrid_alice_1,51.78,803.5MiB,4.851GiB,16.18,0B,0B, 5.95MB,41.9GB, 6
01:05:32,e7f26bbceb59,pygrid_alice_1,60.17,849.9MiB,4.851GiB,17.11,0B,0B, 5.95MB,42.5GB, 6
01:05:35,e7f26bbceb59,pygrid_alice_1,72.99,876.4MiB,4.851GiB,17.64,0B,0B, 5.95MB,43GB,6
01:05:38,e7f26bbceb59,pygrid_alice_1,74.03,878.1MiB,4.851GiB,17.68,0B,0B, 5.95MB,43.5GB, 6
01:05:41,e7f26bbceb59,pygrid_alice_1,61.01,868.7MiB,4.851GiB,17.49,0B,0B, 5.95MB,44GB,6
01:05:44,e7f26bbceb59,pygrid_alice_1,55.75,899.7MiB,4.851GiB,18.11,0B,0B, 5.95MB,44.6GB, 6
01:05:47,e7f26bbceb59,pygrid_alice_1,60.80,916.6MiB,4.851GiB,18.45,0B,0B, 5.95MB,45.3GB, 6
01:05:50,e7f26bbceb59,pygrid_alice_1,73.97,916.7MiB,4.851GiB,18.46,0B,0B, 5.95MB,45.8GB, 6
01:05:53,e7f26bbceb59,pygrid_alice_1,79.31,930.2MiB,4.851GiB,18.73,0B,0B, 5.95MB,46.3GB, 6
01:05:56,e7f26bbceb59,pygrid_alice_1,72.13,930.8MiB,4.851GiB,18.74,0B,0B, 5.95MB,46.8GB, 6
01:05:59,e7f26bbceb59,pygrid_alice_1,56.94,879.4MiB,4.851GiB,17.70,0B,0B, 5.95MB,47.4GB, 6
01:06:02,e7f26bbceb59,pygrid_alice_1,53.70,924.9MiB,4.851GiB,18.62,0B,0B, 5.95MB,48GB,6
01:06:05,e7f26bbceb59,pygrid_alice_1,0.03,885.5MiB,4.851GiB,17.83,0B,0B, 5.95MB,48.3GB, 6
01:06:08,e7f26bbceb59,pygrid_alice_1,0.03,885.5MiB,4.851GiB,17.83,0B,0B, 5.95MB,48.3GB, 6
01:06:11,e7f26bbceb59,pygrid_alice_1,0.03,885.5MiB,4.851GiB,17.83,0B,0B, 5.95MB,48.3GB, 6
01:06:14,e7f26bbceb59,pygrid_alice_1,0.02,885.5MiB,4.851GiB,17.83,0B,0B, 5.95MB,48.3GB, 6
01:06:17,e7f26bbceb59,pygrid_alice_1,0.03,885.5MiB,4.851GiB,17.83,0B,0B, 6.09MB,48.3GB, 6
01:06:20,e7f26bbceb59,pygrid_alice_1,0.02,885.5MiB,4.851GiB,17.83,0B,0B, 6.09MB,48.3GB, 6
01:06:23,e7f26bbceb59,pygrid_alice_1,0.02,885.5MiB,4.851GiB,17.83,0B,0B, 6.09MB,48.3GB, 6
01:06:26,e7f26bbceb59,pygrid_alice_1,0.02,885.5MiB,4.851GiB,17.83,0B,0B, 6.09MB,48.3GB, 6
01:06:29,e7f26bbceb59,pygrid_alice_1,0.02,885.5MiB,4.851GiB,17.83,0B,0B, 6.09MB,48.3GB, 6
01:06:32,e7f26bbceb59,pygrid_alice_1,0.03,885.5MiB,4.851GiB,17.83,0B,0B, 6.09MB,48.3GB, 6
01:06:35,e7f26bbceb59,pygrid_alice_1,0.02,885.5MiB,4.851GiB,17.83,0B,0B, 6.09MB,48.3GB, 6
01:06:38,e7f26bbceb59,pygrid_alice_1,0.02,885.5MiB,4.851GiB,17.83,0B,0B, 6.09MB,48.3GB, 6
01:06:41,e7f26bbceb59,pygrid_alice_1,0.03,885.5MiB,4.851GiB,17.83,0B,0B, 6.09MB,48.3GB, 6
01:06:44,e7f26bbceb59,pygrid_alice_1,0.02,885.5MiB,4.851GiB,17.83,0B,0B, 6.09MB,48.3GB, 6
01:06:47,e7f26bbceb59,pygrid_alice_1,0.02,885.5MiB,4.851GiB,17.83,0B,0B, 6.09MB,48.3GB, 6
01:06:50,e7f26bbceb59,pygrid_alice_1,0.02,885.5MiB,4.851GiB,17.83,0B,0B, 6.09MB,48.3GB, 6
01:06:53,e7f26bbceb59,pygrid_alice_1,0.02,885.5MiB,4.851GiB,17.83,0B,0B, 6.09MB,48.3GB, 6
01:06:56,e7f26bbceb59,pygrid_alice_1,0.02,885.5MiB,4.851GiB,17.83,0B,0B, 6.09MB,48.3GB, 6
01:06:59,e7f26bbceb59,pygrid_alice_1,0.02,885.5MiB,4.851GiB,17.83,0B,0B, 6.09MB,48.3GB, 6
01:07:02,e7f26bbceb59,pygrid_alice_1,0.02,885.5MiB,4.851GiB,17.83,0B,0B, 6.09MB,48.3GB, 6
01:07:05,e7f26bbceb59,pygrid_alice_1,0.02,885.5MiB,4.851GiB,17.83,0B,0B, 6.09MB,48.3GB, 6
01:07:08,e7f26bbceb59,pygrid_alice_1,0.03,885.5MiB,4.851GiB,17.83,0B,0B, 6.09MB,48.3GB, 6
01:07:11,e7f26bbceb59,pygrid_alice_1,0.02,885.5MiB,4.851GiB,17.83,0B,0B, 6.09MB,48.3GB, 6
01:07:14,e7f26bbceb59,pygrid_alice_1,0.03,885.5MiB,4.851GiB,17.83,0B,0B, 6.09MB,48.3GB, 6
01:07:17,e7f26bbceb59,pygrid_alice_1,0.03,885.5MiB,4.851GiB,17.83,0B,0B, 6.09MB,48.3GB, 6
01:07:20,e7f26bbceb59,pygrid_alice_1,0.02,885.5MiB,4.851GiB,17.83,0B,0B, 6.09MB,48.3GB, 6
01:07:23,e7f26bbceb59,pygrid_alice_1,0.02,885.5MiB,4.851GiB,17.83,0B,0B, 6.09MB,48.3GB, 6
01:07:26,e7f26bbceb59,pygrid_alice_1,0.02,885.5MiB,4.851GiB,17.83,0B,0B, 6.09MB,48.3GB, 6
01:07:29,e7f26bbceb59,pygrid_alice_1,0.03,885.5MiB,4.851GiB,17.83,0B,0B, 6.09MB,48.3GB, 6
01:07:32,e7f26bbceb59,pygrid_alice_1,0.02,885.5MiB,4.851GiB,17.83,0B,0B, 6.09MB,48.3GB, 6
01:07:35,e7f26bbceb59,pygrid_alice_1,0.02,885.5MiB,4.851GiB,17.83,0B,0B, 6.09MB,48.3GB, 6
01:07:38,e7f26bbceb59,pygrid_alice_1,0.02,885.5MiB,4.851GiB,17.83,0B,0B, 6.09MB,48.3GB, 6
01:07:41,e7f26bbceb59,pygrid_alice_1,0.02,885.5MiB,4.851GiB,17.83,0B,0B, 6.09MB,48.3GB, 6
01:07:44,e7f26bbceb59,pygrid_alice_1,0.02,885.5MiB,4.851GiB,17.83,0B,0B, 6.09MB,48.3GB, 6
01:07:47,e7f26bbceb59,pygrid_alice_1,0.03,885.5MiB,4.851GiB,17.83,0B,0B, 6.09MB,48.3GB, 6
01:07:50,e7f26bbceb59,pygrid_alice_1,0.03,885.5MiB,4.851GiB,17.83,0B,0B, 6.09MB,48.3GB, 6
01:07:53,e7f26bbceb59,pygrid_alice_1,0.02,885.5MiB,4.851GiB,17.83,0B,0B, 6.09MB,48.3GB, 6
01:07:56,e7f26bbceb59,pygrid_alice_1,100.14, 1.682GiB,4.851GiB,34.68,0B,0B, 6.09MB,48.3GB, 6
01:07:59,e7f26bbceb59,pygrid_alice_1,40.78,1.295GiB,4.851GiB,26.70,0B,0B, 6.14MB,49.8GB, 6
01:08:02,e7f26bbceb59,pygrid_alice_1,60.25,1.682GiB,4.851GiB,34.68,0B,0B, 6.14MB,51.4GB, 6
01:08:05,e7f26bbceb59,pygrid_alice_1,32.10,1.615GiB,4.851GiB,33.29,0B,0B, 6.14MB,53.3GB, 6
01:08:08,e7f26bbceb59,pygrid_alice_1,83.76,936.1MiB,4.851GiB,18.85,0B,0B, 6.14MB,53.7GB, 6
01:08:11,e7f26bbceb59,pygrid_alice_1,73.46,924.5MiB,4.851GiB,18.61,0B,0B, 6.14MB,54.5GB, 6
01:08:14,e7f26bbceb59,pygrid_alice_1,62.18,948.3MiB,4.851GiB,19.09,0B,0B, 6.14MB,55.4GB, 6
01:08:17,e7f26bbceb59,pygrid_alice_1,52.43,956.8MiB,4.851GiB,19.26,0B,0B, 6.14MB,56.1GB, 6
01:08:20,e7f26bbceb59,pygrid_alice_1,57.70,970MiB,4.851GiB, 19.53,0B,0B, 6.14MB,56.9GB, 6
01:08:24,e7f26bbceb59,pygrid_alice_1,62.40,988.1MiB,4.851GiB,19.89,0B,0B, 6.14MB,57.5GB, 6
01:08:27,e7f26bbceb59,pygrid_alice_1,76.37,952.8MiB,4.851GiB,19.18,0B,0B, 6.14MB,58.1GB, 6
01:08:30,e7f26bbceb59,pygrid_alice_1,75.98,984.1MiB,4.851GiB,19.81,0B,0B, 6.14MB,58.7GB, 6
01:08:33,e7f26bbceb59,pygrid_alice_1,69.67,988.7MiB,4.851GiB,19.91,0B,0B, 6.14MB,59.3GB, 6
01:08:36,e7f26bbceb59,pygrid_alice_1,59.13,989MiB,4.851GiB, 19.91,0B,0B, 6.14MB,60GB,6
01:08:39,e7f26bbceb59,pygrid_alice_1,54.69,997.6MiB,4.851GiB,20.08,0B,0B, 6.14MB,60.6GB, 6
01:08:42,e7f26bbceb59,pygrid_alice_1,65.11,1015MiB,4.851GiB,20.43,0B,0B, 6.14MB,61.2GB, 6
01:08:45,e7f26bbceb59,pygrid_alice_1,73.52,1.009GiB,4.851GiB,20.81,0B,0B, 6.14MB,61.8GB, 6
01:08:48,e7f26bbceb59,pygrid_alice_1,68.59,964.7MiB,4.851GiB,19.42,0B,0B, 6.14MB,62.3GB, 6
01:08:51,e7f26bbceb59,pygrid_alice_1,57.05,1011MiB,4.851GiB,20.35,0B,0B, 6.14MB,62.8GB, 6
01:08:54,e7f26bbceb59,pygrid_alice_1,57.53,1.008GiB,4.851GiB,20.79,0B,0B, 6.14MB,63.4GB, 6
01:08:57,e7f26bbceb59,pygrid_alice_1,58.63,1.014GiB,4.851GiB,20.90,0B,0B, 6.14MB,64GB,6
01:09:00,e7f26bbceb59,pygrid_alice_1,73.86,1.003GiB,4.851GiB,20.67,0B,0B, 6.14MB,64.5GB, 6
01:09:03,e7f26bbceb59,pygrid_alice_1,78.80,1.012GiB,4.851GiB,20.86,0B,0B, 6.14MB,65GB,6
01:09:06,e7f26bbceb59,pygrid_alice_1,68.68,995.7MiB,4.851GiB,20.05,0B,0B, 6.14MB,65.5GB, 6
01:09:09,e7f26bbceb59,pygrid_alice_1,56.71,1.018GiB,4.851GiB,20.98,0B,0B, 6.14MB,66.1GB, 6
01:09:12,e7f26bbceb59,pygrid_alice_1,57.29,1.036GiB,4.851GiB,21.35,0B,0B, 6.14MB,66.7GB, 6
01:09:15,e7f26bbceb59,pygrid_alice_1,65.92,1.044GiB,4.851GiB,21.52,0B,0B, 6.14MB,67.3GB, 6
01:09:18,e7f26bbceb59,pygrid_alice_1,74.57,1.05GiB,4.851GiB,21.65,0B,0B, 6.14MB,67.8GB, 6
01:09:21,e7f26bbceb59,pygrid_alice_1,79.52,1.058GiB,4.851GiB,21.82,0B,0B, 6.14MB,68.3GB, 6
01:09:24,e7f26bbceb59,pygrid_alice_1,74.81,1.059GiB,4.851GiB,21.83,0B,0B, 6.14MB,68.8GB, 6
01:09:27,e7f26bbceb59,pygrid_alice_1,60.42,1.001GiB,4.851GiB,20.63,0B,0B, 6.14MB,69.4GB, 6
01:09:30,e7f26bbceb59,pygrid_alice_1,53.86,1.074GiB,4.851GiB,22.13,0B,0B, 6.14MB,69.9GB, 6
01:09:33,e7f26bbceb59,pygrid_alice_1,66.40,1.063GiB,4.851GiB,21.91,0B,0B, 6.14MB,70.5GB, 6
01:09:36,e7f26bbceb59,pygrid_alice_1,73.73,1.081GiB,4.851GiB,22.28,0B,0B, 6.14MB,71GB,6
01:09:39,e7f26bbceb59,pygrid_alice_1,75.69,1.075GiB,4.851GiB,22.17,0B,0B, 6.14MB,71.5GB, 6
01:09:42,e7f26bbceb59,pygrid_alice_1,64.83,1.078GiB,4.851GiB,22.22,0B,0B, 6.14MB,72.2GB, 6
01:09:45,e7f26bbceb59,pygrid_alice_1,54.15,1.095GiB,4.851GiB,22.58,0B,0B, 6.14MB,72.8GB, 6
01:09:48,e7f26bbceb59,pygrid_alice_1,0.03,1.048GiB,4.851GiB,21.60,0B,0B, 6.14MB,73.1GB, 6
01:09:51,e7f26bbceb59,pygrid_alice_1,0.04,1.048GiB,4.851GiB,21.60,0B,0B, 6.14MB,73.1GB, 6
01:09:54,e7f26bbceb59,pygrid_alice_1,0.03,1.048GiB,4.851GiB,21.60,0B,0B, 6.14MB,73.1GB, 6
01:09:57,e7f26bbceb59,pygrid_alice_1,0.02,1.048GiB,4.851GiB,21.60,0B,0B, 6.14MB,73.1GB, 6
01:10:00,e7f26bbceb59,pygrid_alice_1,0.03,1.048GiB,4.851GiB,21.60,0B,0B, 6.16MB,73.1GB, 6
01:10:03,e7f26bbceb59,pygrid_alice_1,0.03,1.048GiB,4.851GiB,21.60,0B,0B, 6.16MB,73.1GB, 6
01:10:06,e7f26bbceb59,pygrid_alice_1,0.03,1.048GiB,4.851GiB,21.60,0B,0B, 6.16MB,73.1GB, 6
01:10:09,e7f26bbceb59,pygrid_alice_1,0.02,1.048GiB,4.851GiB,21.60,0B,0B, 6.16MB,73.1GB, 6
01:10:12,e7f26bbceb59,pygrid_alice_1,0.02,1.048GiB,4.851GiB,21.60,0B,0B, 6.16MB,73.1GB, 6
01:10:15,e7f26bbceb59,pygrid_alice_1,0.02,1.048GiB,4.851GiB,21.60,0B,0B, 6.16MB,73.1GB, 6
01:10:18,e7f26bbceb59,pygrid_alice_1,0.02,1.048GiB,4.851GiB,21.60,0B,0B, 6.16MB,73.1GB, 6
01:10:21,e7f26bbceb59,pygrid_alice_1,0.02,1.048GiB,4.851GiB,21.60,0B,0B, 6.16MB,73.1GB, 6
01:10:24,e7f26bbceb59,pygrid_alice_1,0.02,1.048GiB,4.851GiB,21.60,0B,0B, 6.16MB,73.1GB, 6
01:10:27,e7f26bbceb59,pygrid_alice_1,0.02,1.048GiB,4.851GiB,21.60,0B,0B, 6.16MB,73.1GB, 6
01:10:30,e7f26bbceb59,pygrid_alice_1,0.02,1.048GiB,4.851GiB,21.60,0B,0B, 6.16MB,73.1GB, 6
01:10:33,e7f26bbceb59,pygrid_alice_1,0.02,1.048GiB,4.851GiB,21.60,0B,0B, 6.16MB,73.1GB, 6
01:10:36,e7f26bbceb59,pygrid_alice_1,0.02,1.048GiB,4.851GiB,21.60,0B,0B, 6.16MB,73.1GB, 6
01:10:39,e7f26bbceb59,pygrid_alice_1,0.02,1.048GiB,4.851GiB,21.60,0B,0B, 6.16MB,73.1GB, 6
01:10:42,e7f26bbceb59,pygrid_alice_1,0.03,1.048GiB,4.851GiB,21.60,0B,0B, 6.16MB,73.1GB, 6
01:10:45,e7f26bbceb59,pygrid_alice_1,0.02,1.048GiB,4.851GiB,21.60,0B,0B, 6.16MB,73.1GB, 6
01:10:48,e7f26bbceb59,pygrid_alice_1,0.02,1.048GiB,4.851GiB,21.60,0B,0B, 6.16MB,73.1GB, 6
01:10:51,e7f26bbceb59,pygrid_alice_1,0.02,1.048GiB,4.851GiB,21.60,0B,0B, 6.16MB,73.1GB, 6
01:10:54,e7f26bbceb59,pygrid_alice_1,0.02,1.048GiB,4.851GiB,21.60,0B,0B, 6.16MB,73.1GB, 6
01:10:57,e7f26bbceb59,pygrid_alice_1,0.02,1.048GiB,4.851GiB,21.60,0B,0B, 6.16MB,73.1GB, 6
01:11:00,e7f26bbceb59,pygrid_alice_1,0.02,1.048GiB,4.851GiB,21.60,0B,0B, 6.16MB,73.1GB, 6
01:11:03,e7f26bbceb59,pygrid_alice_1,0.03,1.048GiB,4.851GiB,21.60,0B,0B, 6.16MB,73.1GB, 6
01:11:06,e7f26bbceb59,pygrid_alice_1,0.03,1.048GiB,4.851GiB,21.60,0B,0B, 6.16MB,73.1GB, 6
01:11:09,e7f26bbceb59,pygrid_alice_1,0.04,1.048GiB,4.851GiB,21.60,0B,0B, 6.16MB,73.1GB, 6
01:11:12,e7f26bbceb59,pygrid_alice_1,0.02,1.048GiB,4.851GiB,21.60,0B,0B, 6.16MB,73.1GB, 6
01:11:15,e7f26bbceb59,pygrid_alice_1,0.02,1.048GiB,4.851GiB,21.60,0B,0B, 6.16MB,73.1GB, 6
01:11:18,e7f26bbceb59,pygrid_alice_1,0.03,1.048GiB,4.851GiB,21.60,0B,0B, 6.16MB,73.1GB, 6
01:11:21,e7f26bbceb59,pygrid_alice_1,0.03,1.048GiB,4.851GiB,21.60,0B,0B, 6.16MB,73.1GB, 6
01:11:24,e7f26bbceb59,pygrid_alice_1,0.02,1.048GiB,4.851GiB,21.60,0B,0B, 6.16MB,73.1GB, 6
01:11:27,e7f26bbceb59,pygrid_alice_1,0.03,1.048GiB,4.851GiB,21.60,0B,0B, 6.16MB,73.1GB, 6
01:11:30,e7f26bbceb59,pygrid_alice_1,0.02,1.048GiB,4.851GiB,21.60,0B,0B, 6.16MB,73.1GB, 6
01:11:33,e7f26bbceb59,pygrid_alice_1,0.02,1.048GiB,4.851GiB,21.60,0B,0B, 6.16MB,73.1GB, 6
01:11:37,e7f26bbceb59,pygrid_alice_1,0.02,1.048GiB,4.851GiB,21.60,0B,0B, 6.16MB,73.1GB, 6
01:11:40,e7f26bbceb59,pygrid_alice_1,0.03,1.048GiB,4.851GiB,21.60,0B,0B, 6.16MB,73.1GB, 6
07:09:27,f3aa11a87925,pygrid_alice_1,9.89,233.3MiB,4.851GiB,4.70,0B,0B, 250kB,38.5MB,4
07:09:30,f3aa11a87925,pygrid_alice_1,11.27,527.7MiB,4.851GiB,10.62,0B,0B, 254kB,701MB,4
07:09:33,f3aa11a87925,pygrid_alice_1,29.39,683.8MiB,4.851GiB,13.77,0B,0B, 623kB,2GB,4
07:09:36,f3aa11a87925,pygrid_alice_1,86.78,1.15GiB,4.851GiB,23.72,0B,0B, 754kB,3.49GB,4
07:09:39,f3aa11a87925,pygrid_alice_1,67.59,1.24GiB,4.851GiB,25.56,0B,0B, 1.74MB,5.21GB, 6
07:09:42,f3aa11a87925,pygrid_alice_1,44.98,494MiB,4.851GiB, 9.95,0B,0B, 1.74MB,5.67GB, 6
07:09:45,f3aa11a87925,pygrid_alice_1,71.23,502.8MiB,4.851GiB,10.12,0B,0B, 1.74MB,6.23GB, 6
07:09:48,f3aa11a87925,pygrid_alice_1,28.50,522.4MiB,4.851GiB,10.52,0B,0B, 1.74MB,6.87GB, 6
07:09:51,f3aa11a87925,pygrid_alice_1,39.18,560.3MiB,4.851GiB,11.28,0B,0B, 1.74MB,7.29GB, 6
07:09:54,f3aa11a87925,pygrid_alice_1,64.69,582.5MiB,4.851GiB,11.73,0B,0B, 1.74MB,7.62GB, 6
07:09:57,f3aa11a87925,pygrid_alice_1,72.14,648.6MiB,4.851GiB,13.06,0B,0B, 1.74MB,7.95GB, 6
07:10:00,f3aa11a87925,pygrid_alice_1,63.76,626.5MiB,4.851GiB,12.61,0B,0B, 1.74MB,8.49GB, 6
07:10:03,f3aa11a87925,pygrid_alice_1,39.05,626.5MiB,4.851GiB,12.61,0B,0B, 1.74MB,8.98GB, 6
07:10:06,f3aa11a87925,pygrid_alice_1,70.88,626.6MiB,4.851GiB,12.62,0B,0B, 1.74MB,9.46GB, 6
07:10:09,f3aa11a87925,pygrid_alice_1,73.12,618MiB,4.851GiB, 12.44,0B,0B, 1.74MB,9.88GB, 6
07:10:12,f3aa11a87925,pygrid_alice_1,52.92,626.6MiB,4.851GiB,12.62,0B,0B, 1.74MB,10.5GB, 6
07:10:15,f3aa11a87925,pygrid_alice_1,76.88,626.6MiB,4.851GiB,12.62,0B,0B, 1.74MB,10.9GB, 6
07:10:18,f3aa11a87925,pygrid_alice_1,38.33,694.1MiB,4.851GiB,13.97,0B,0B, 1.74MB,11.4GB, 6
07:10:21,f3aa11a87925,pygrid_alice_1,56.15,604.7MiB,4.851GiB,12.17,0B,0B, 1.74MB,11.7GB, 6
07:10:24,f3aa11a87925,pygrid_alice_1,66.53,626.7MiB,4.851GiB,12.62,0B,0B, 1.74MB,12.2GB, 6
07:10:27,f3aa11a87925,pygrid_alice_1,52.55,604.7MiB,4.851GiB,12.17,0B,0B, 1.74MB,12.6GB, 6
07:10:30,f3aa11a87925,pygrid_alice_1,67.65,626.8MiB,4.851GiB,12.62,0B,0B, 1.74MB,13.2GB, 6
07:10:33,f3aa11a87925,pygrid_alice_1,55.73,604.8MiB,4.851GiB,12.18,0B,0B, 1.74MB,13.5GB, 6
07:10:36,f3aa11a87925,pygrid_alice_1,63.42,626.8MiB,4.851GiB,12.62,0B,0B, 1.74MB,13.9GB, 6
07:10:39,f3aa11a87925,pygrid_alice_1,53.25,604.9MiB,4.851GiB,12.18,0B,0B, 1.74MB,14.4GB, 6
07:10:42,f3aa11a87925,pygrid_alice_1,73.80,626.9MiB,4.851GiB,12.62,0B,0B, 1.74MB,14.7GB, 6
07:10:45,f3aa11a87925,pygrid_alice_1,46.16,627MiB,4.851GiB, 12.62,0B,0B, 1.74MB,15.2GB, 6
07:10:48,f3aa11a87925,pygrid_alice_1,68.87,604.9MiB,4.851GiB,12.18,0B,0B, 1.74MB,15.6GB, 6
07:10:52,f3aa11a87925,pygrid_alice_1,47.50,627MiB,4.851GiB, 12.62,0B,0B, 1.74MB,16.1GB, 6
07:10:55,f3aa11a87925,pygrid_alice_1,81.65,693.1MiB,4.851GiB,13.95,0B,0B, 1.74MB,16.5GB, 6
07:10:58,f3aa11a87925,pygrid_alice_1,44.87,686.9MiB,4.851GiB,13.83,0B,0B, 1.74MB,17GB,6
07:11:01,f3aa11a87925,pygrid_alice_1,76.16,671.1MiB,4.851GiB,13.51,0B,0B, 1.74MB,17.5GB, 6
07:11:04,f3aa11a87925,pygrid_alice_1,56.42,627.1MiB,4.851GiB,12.63,0B,0B, 1.74MB,17.9GB, 6
07:11:07,f3aa11a87925,pygrid_alice_1,61.82,671.2MiB,4.851GiB,13.51,0B,0B, 1.74MB,18.5GB, 6
07:11:10,f3aa11a87925,pygrid_alice_1,80.33,700.6MiB,4.851GiB,14.10,0B,0B, 1.74MB,18.8GB, 6
07:11:13,f3aa11a87925,pygrid_alice_1,52.69,684.3MiB,4.851GiB,13.78,0B,0B, 1.74MB,19.4GB, 6
07:11:16,f3aa11a87925,pygrid_alice_1,59.46,661.4MiB,4.851GiB,13.32,0B,0B, 1.74MB,19.9GB, 6
07:11:19,f3aa11a87925,pygrid_alice_1,80.60,672.1MiB,4.851GiB,13.53,0B,0B, 1.74MB,20.3GB, 6
07:11:22,f3aa11a87925,pygrid_alice_1,56.59,622.2MiB,4.851GiB,12.53,0B,0B, 1.74MB,20.9GB, 6
07:11:25,f3aa11a87925,pygrid_alice_1,65.07,688.3MiB,4.851GiB,13.86,0B,0B, 1.74MB,21.4GB, 6
07:11:28,f3aa11a87925,pygrid_alice_1,78.73,734.3MiB,4.851GiB,14.78,0B,0B, 1.74MB,21.8GB, 6
07:11:31,f3aa11a87925,pygrid_alice_1,48.40,699.4MiB,4.851GiB,14.08,0B,0B, 1.74MB,22.4GB, 6
07:11:34,f3aa11a87925,pygrid_alice_1,73.55,721.4MiB,4.851GiB,14.52,0B,0B, 1.74MB,22.9GB, 6
07:11:37,f3aa11a87925,pygrid_alice_1,69.16,737MiB,4.851GiB, 14.84,0B,0B, 1.74MB,23.3GB, 6
07:11:40,f3aa11a87925,pygrid_alice_1,52.19,758.9MiB,4.851GiB,15.28,0B,0B, 1.74MB,23.9GB, 6
07:11:43,f3aa11a87925,pygrid_alice_1,0.03,758.9MiB,4.851GiB,15.28,0B,0B, 1.74MB,23.9GB, 6
07:11:46,f3aa11a87925,pygrid_alice_1,0.02,758.9MiB,4.851GiB,15.28,0B,0B, 1.74MB,23.9GB, 6
07:11:49,f3aa11a87925,pygrid_alice_1,0.03,758.9MiB,4.851GiB,15.28,0B,0B, 1.74MB,23.9GB, 6
07:11:52,f3aa11a87925,pygrid_alice_1,0.23,758.9MiB,4.851GiB,15.28,0B,0B, 1.74MB,23.9GB, 6
07:11:55,f3aa11a87925,pygrid_alice_1,0.02,758.9MiB,4.851GiB,15.28,0B,0B, 1.74MB,23.9GB, 6
07:11:58,f3aa11a87925,pygrid_alice_1,0.02,758.9MiB,4.851GiB,15.28,0B,0B, 1.74MB,23.9GB, 6
07:12:01,f3aa11a87925,pygrid_alice_1,0.03,758.9MiB,4.851GiB,15.28,0B,0B, 1.74MB,23.9GB, 6
07:12:04,f3aa11a87925,pygrid_alice_1,0.02,758.9MiB,4.851GiB,15.28,0B,0B, 1.74MB,23.9GB, 6
07:12:07,f3aa11a87925,pygrid_alice_1,0.03,758.9MiB,4.851GiB,15.28,0B,0B, 1.74MB,23.9GB, 6
07:12:10,f3aa11a87925,pygrid_alice_1,0.03,758.9MiB,4.851GiB,15.28,0B,0B, 1.74MB,23.9GB, 6
07:12:13,f3aa11a87925,pygrid_alice_1,0.03,758.9MiB,4.851GiB,15.28,0B,0B, 1.74MB,23.9GB, 6
07:12:16,f3aa11a87925,pygrid_alice_1,0.02,758.9MiB,4.851GiB,15.28,0B,0B, 1.74MB,23.9GB, 6
07:12:19,f3aa11a87925,pygrid_alice_1,0.02,758.9MiB,4.851GiB,15.28,0B,0B, 1.74MB,23.9GB, 6
07:12:22,f3aa11a87925,pygrid_alice_1,0.02,758.9MiB,4.851GiB,15.28,0B,0B, 1.74MB,23.9GB, 6
07:12:25,f3aa11a87925,pygrid_alice_1,0.03,758.9MiB,4.851GiB,15.28,0B,0B, 1.74MB,23.9GB, 6
07:12:28,f3aa11a87925,pygrid_alice_1,0.02,758.9MiB,4.851GiB,15.28,0B,0B, 1.74MB,23.9GB, 6
07:12:31,f3aa11a87925,pygrid_alice_1,0.03,758.9MiB,4.851GiB,15.28,0B,0B, 1.74MB,23.9GB, 6
07:12:34,f3aa11a87925,pygrid_alice_1,0.03,758.9MiB,4.851GiB,15.28,0B,0B, 1.74MB,23.9GB, 6
07:12:37,f3aa11a87925,pygrid_alice_1,0.02,758.9MiB,4.851GiB,15.28,0B,0B, 1.74MB,23.9GB, 6
07:12:40,f3aa11a87925,pygrid_alice_1,0.03,758.9MiB,4.851GiB,15.28,0B,0B, 1.74MB,23.9GB, 6
07:12:43,f3aa11a87925,pygrid_alice_1,0.03,758.9MiB,4.851GiB,15.28,0B,0B, 1.74MB,23.9GB, 6
07:12:46,f3aa11a87925,pygrid_alice_1,0.03,758.9MiB,4.851GiB,15.28,0B,0B, 1.74MB,23.9GB, 6
07:12:49,f3aa11a87925,pygrid_alice_1,0.02,758.9MiB,4.851GiB,15.28,0B,0B, 1.74MB,23.9GB, 6
07:12:52,f3aa11a87925,pygrid_alice_1,0.03,758.9MiB,4.851GiB,15.28,0B,0B, 1.74MB,23.9GB, 6
07:12:55,f3aa11a87925,pygrid_alice_1,0.02,758.9MiB,4.851GiB,15.28,0B,0B, 1.74MB,23.9GB, 6
07:12:58,f3aa11a87925,pygrid_alice_1,0.02,758.9MiB,4.851GiB,15.28,0B,0B, 1.74MB,23.9GB, 6
07:13:01,f3aa11a87925,pygrid_alice_1,0.02,758.9MiB,4.851GiB,15.28,0B,0B, 1.74MB,23.9GB, 6
07:13:04,f3aa11a87925,pygrid_alice_1,0.02,758.9MiB,4.851GiB,15.28,0B,0B, 1.74MB,23.9GB, 6
07:13:07,f3aa11a87925,pygrid_alice_1,0.02,758.9MiB,4.851GiB,15.28,0B,0B, 1.74MB,23.9GB, 6
07:13:10,f3aa11a87925,pygrid_alice_1,0.03,758.9MiB,4.851GiB,15.28,0B,0B, 1.74MB,23.9GB, 6
07:13:13,f3aa11a87925,pygrid_alice_1,0.02,758.9MiB,4.851GiB,15.28,0B,0B, 1.74MB,23.9GB, 6
07:13:16,f3aa11a87925,pygrid_alice_1,0.03,758.9MiB,4.851GiB,15.28,0B,0B, 1.74MB,23.9GB, 6
07:13:19,f3aa11a87925,pygrid_alice_1,0.03,758.9MiB,4.851GiB,15.28,0B,0B, 1.74MB,23.9GB, 6
07:13:22,f3aa11a87925,pygrid_alice_1,0.02,758.9MiB,4.851GiB,15.28,0B,0B, 1.74MB,23.9GB, 6
07:13:25,f3aa11a87925,pygrid_alice_1,0.03,758.9MiB,4.851GiB,15.28,0B,0B, 1.74MB,23.9GB, 6
07:13:28,f3aa11a87925,pygrid_alice_1,0.02,758.9MiB,4.851GiB,15.28,0B,0B, 1.74MB,23.9GB, 6
07:13:31,f3aa11a87925,pygrid_alice_1,0.03,758.9MiB,4.851GiB,15.28,0B,0B, 1.74MB,23.9GB, 6
07:13:34,f3aa11a87925,pygrid_alice_1,0.03,758.9MiB,4.851GiB,15.28,0B,0B, 1.74MB,23.9GB, 6
07:13:37,f3aa11a87925,pygrid_alice_1,0.02,758.9MiB,4.851GiB,15.28,0B,0B, 1.74MB,23.9GB, 6
07:13:40,f3aa11a87925,pygrid_alice_1,24.56,758.9MiB,4.851GiB,15.28,0B,0B, 1.74MB,23.9GB, 6
07:13:43,f3aa11a87925,pygrid_alice_1,66.42,1.608GiB,4.851GiB,33.15,0B,0B, 1.74MB,24.5GB, 6
07:13:47,f3aa11a87925,pygrid_alice_1,10.43,1.187GiB,4.851GiB,24.46,0B,0B, 14.3MB,26.1GB, 6
07:13:50,f3aa11a87925,pygrid_alice_1,70.62,1.46GiB,4.851GiB,30.09,0B,0B, 14.3MB,27.5GB, 6
07:13:53,f3aa11a87925,pygrid_alice_1,77.76,1.617GiB,4.851GiB,33.33,0B,0B, 14.3MB,29.2GB, 6
07:13:56,f3aa11a87925,pygrid_alice_1,63.48,759.7MiB,4.851GiB,15.29,0B,0B, 14.3MB,29.7GB, 6
07:13:59,f3aa11a87925,pygrid_alice_1,52.29,737.9MiB,4.851GiB,14.85,0B,0B, 14.3MB,30.5GB, 6
07:14:02,f3aa11a87925,pygrid_alice_1,70.14,737.9MiB,4.851GiB,14.86,0B,0B, 14.3MB,31.1GB, 6
07:14:05,f3aa11a87925,pygrid_alice_1,75.12,785.9MiB,4.851GiB,15.82,0B,0B, 14.3MB,31.6GB, 6
07:14:08,f3aa11a87925,pygrid_alice_1,52.77,723.6MiB,4.851GiB,14.57,0B,0B, 14.3MB,32.2GB, 6
07:14:11,f3aa11a87925,pygrid_alice_1,70.27,767.6MiB,4.851GiB,15.45,0B,0B, 14.3MB,32.7GB, 6
07:14:14,f3aa11a87925,pygrid_alice_1,75.13,774.3MiB,4.851GiB,15.59,0B,0B, 14.3MB,33.1GB, 6
07:14:17,f3aa11a87925,pygrid_alice_1,50.51,745.8MiB,4.851GiB,15.01,0B,0B, 14.3MB,33.7GB, 6
07:14:20,f3aa11a87925,pygrid_alice_1,73.56,789.8MiB,4.851GiB,15.90,0B,0B, 14.3MB,34.2GB, 6
07:14:23,f3aa11a87925,pygrid_alice_1,74.06,816.7MiB,4.851GiB,16.44,0B,0B, 14.3MB,34.6GB, 6
07:14:26,f3aa11a87925,pygrid_alice_1,50.86,833.7MiB,4.851GiB,16.79,0B,0B, 14.3MB,35.2GB, 6
07:14:29,f3aa11a87925,pygrid_alice_1,68.87,780MiB,4.851GiB, 15.70,0B,0B, 14.3MB,35.6GB, 6
07:14:32,f3aa11a87925,pygrid_alice_1,78.50,826MiB,4.851GiB, 16.63,0B,0B, 14.3MB,36GB,6
07:14:35,f3aa11a87925,pygrid_alice_1,53.54,775.7MiB,4.851GiB,15.62,0B,0B, 14.3MB,36.6GB, 6
07:14:38,f3aa11a87925,pygrid_alice_1,65.02,819.8MiB,4.851GiB,16.51,0B,0B, 14.3MB,37GB,6
07:14:41,f3aa11a87925,pygrid_alice_1,77.09,861.2MiB,4.851GiB,17.34,0B,0B, 14.3MB,37.4GB, 6
07:14:44,f3aa11a87925,pygrid_alice_1,56.05,862MiB,4.851GiB, 17.35,0B,0B, 14.3MB,37.9GB, 6
07:14:47,f3aa11a87925,pygrid_alice_1,52.15,891.5MiB,4.851GiB,17.95,0B,0B, 14.3MB,38.5GB, 6
07:14:50,f3aa11a87925,pygrid_alice_1,73.17,839.3MiB,4.851GiB,16.90,0B,0B, 14.3MB,38.9GB, 6
07:14:53,f3aa11a87925,pygrid_alice_1,73.58,868.2MiB,4.851GiB,17.48,0B,0B, 14.3MB,39.4GB, 6
07:14:56,f3aa11a87925,pygrid_alice_1,51.71,845.3MiB,4.851GiB,17.02,0B,0B, 14.3MB,40GB,6
07:14:59,f3aa11a87925,pygrid_alice_1,59.74,839.4MiB,4.851GiB,16.90,0B,0B, 14.3MB,40.5GB, 6
07:15:02,f3aa11a87925,pygrid_alice_1,78.60,875.5MiB,4.851GiB,17.63,0B,0B, 14.3MB,40.9GB, 6
07:15:05,f3aa11a87925,pygrid_alice_1,52.43,851.6MiB,4.851GiB,17.14,0B,0B, 14.3MB,41.4GB, 6
07:15:08,f3aa11a87925,pygrid_alice_1,59.13,861.5MiB,4.851GiB,17.34,0B,0B, 14.3MB,41.9GB, 6
07:15:11,f3aa11a87925,pygrid_alice_1,79.67,848.1MiB,4.851GiB,17.07,0B,0B, 14.3MB,42.3GB, 6
07:15:14,f3aa11a87925,pygrid_alice_1,53.25,883.5MiB,4.851GiB,17.79,0B,0B, 14.3MB,42.8GB, 6
07:15:17,f3aa11a87925,pygrid_alice_1,57.07,914.5MiB,4.851GiB,18.41,0B,0B, 14.3MB,43.3GB, 6
07:15:20,f3aa11a87925,pygrid_alice_1,77.96,914.4MiB,4.851GiB,18.41,0B,0B, 14.3MB,43.7GB, 6
07:15:23,f3aa11a87925,pygrid_alice_1,60.76,861.7MiB,4.851GiB,17.35,0B,0B, 14.3MB,44.3GB, 6
07:15:26,f3aa11a87925,pygrid_alice_1,51.23,883.7MiB,4.851GiB,17.79,0B,0B, 14.3MB,44.9GB, 6
07:15:29,f3aa11a87925,pygrid_alice_1,73.63,925.9MiB,4.851GiB,18.64,0B,0B, 14.3MB,45.3GB, 6
07:15:32,f3aa11a87925,pygrid_alice_1,68.09,905.7MiB,4.851GiB,18.23,0B,0B, 14.3MB,45.8GB, 6
07:15:35,f3aa11a87925,pygrid_alice_1,50.82,919.9MiB,4.851GiB,18.52,0B,0B, 14.3MB,46.4GB, 6
07:15:38,f3aa11a87925,pygrid_alice_1,72.57,906MiB,4.851GiB, 18.24,0B,0B, 14.3MB,46.9GB, 6
07:15:41,f3aa11a87925,pygrid_alice_1,29.37,911.9MiB,4.851GiB,18.36,0B,0B, 14.3MB,47.3GB, 6
07:15:44,f3aa11a87925,pygrid_alice_1,0.03,911.9MiB,4.851GiB,18.36,0B,0B, 14.3MB,47.3GB, 6
07:15:47,f3aa11a87925,pygrid_alice_1,0.02,911.9MiB,4.851GiB,18.36,0B,0B, 14.3MB,47.3GB, 6
07:15:50,f3aa11a87925,pygrid_alice_1,0.03,911.9MiB,4.851GiB,18.36,0B,0B, 14.3MB,47.3GB, 6
07:15:53,f3aa11a87925,pygrid_alice_1,0.24,911.9MiB,4.851GiB,18.36,0B,0B, 14.3MB,47.3GB, 6
07:15:56,f3aa11a87925,pygrid_alice_1,0.02,911.9MiB,4.851GiB,18.36,0B,0B, 14.3MB,47.3GB, 6
07:15:59,f3aa11a87925,pygrid_alice_1,0.04,911.9MiB,4.851GiB,18.36,0B,0B, 14.3MB,47.3GB, 6
07:16:02,f3aa11a87925,pygrid_alice_1,0.03,911.9MiB,4.851GiB,18.36,0B,0B, 14.3MB,47.3GB, 6
07:16:05,f3aa11a87925,pygrid_alice_1,0.02,911.9MiB,4.851GiB,18.36,0B,0B, 14.3MB,47.3GB, 6
07:16:08,f3aa11a87925,pygrid_alice_1,0.04,911.9MiB,4.851GiB,18.36,0B,0B, 14.3MB,47.3GB, 6
07:16:11,f3aa11a87925,pygrid_alice_1,0.02,911.9MiB,4.851GiB,18.36,0B,0B, 14.3MB,47.3GB, 6
07:16:14,f3aa11a87925,pygrid_alice_1,0.03,911.9MiB,4.851GiB,18.36,0B,0B, 14.3MB,47.3GB, 6
07:16:17,f3aa11a87925,pygrid_alice_1,0.02,911.9MiB,4.851GiB,18.36,0B,0B, 14.3MB,47.3GB, 6
07:16:20,f3aa11a87925,pygrid_alice_1,0.02,911.9MiB,4.851GiB,18.36,0B,0B, 14.3MB,47.3GB, 6
07:16:23,f3aa11a87925,pygrid_alice_1,0.02,911.9MiB,4.851GiB,18.36,0B,0B, 14.3MB,47.3GB, 6
07:16:26,f3aa11a87925,pygrid_alice_1,0.02,911.9MiB,4.851GiB,18.36,0B,0B, 14.3MB,47.3GB, 6
07:16:29,f3aa11a87925,pygrid_alice_1,0.02,911.9MiB,4.851GiB,18.36,0B,0B, 14.3MB,47.3GB, 6
07:16:32,f3aa11a87925,pygrid_alice_1,0.03,911.9MiB,4.851GiB,18.36,0B,0B, 14.3MB,47.3GB, 6
07:16:35,f3aa11a87925,pygrid_alice_1,0.04,911.9MiB,4.851GiB,18.36,0B,0B, 14.3MB,47.3GB, 6
07:16:38,f3aa11a87925,pygrid_alice_1,0.02,911.9MiB,4.851GiB,18.36,0B,0B, 14.3MB,47.3GB, 6
07:16:42,f3aa11a87925,pygrid_alice_1,0.03,911.9MiB,4.851GiB,18.36,0B,0B, 14.3MB,47.3GB, 6
07:16:45,f3aa11a87925,pygrid_alice_1,0.03,911.9MiB,4.851GiB,18.36,0B,0B, 14.3MB,47.3GB, 6
07:16:48,f3aa11a87925,pygrid_alice_1,0.03,911.9MiB,4.851GiB,18.36,0B,0B, 14.3MB,47.3GB, 6
07:16:51,f3aa11a87925,pygrid_alice_1,0.03,911.9MiB,4.851GiB,18.36,0B,0B, 14.3MB,47.3GB, 6
07:16:54,f3aa11a87925,pygrid_alice_1,0.03,911.9MiB,4.851GiB,18.36,0B,0B, 14.3MB,47.3GB, 6
07:16:57,f3aa11a87925,pygrid_alice_1,0.02,911.9MiB,4.851GiB,18.36,0B,0B, 14.3MB,47.3GB, 6
07:17:00,f3aa11a87925,pygrid_alice_1,0.03,911.9MiB,4.851GiB,18.36,0B,0B, 14.3MB,47.3GB, 6
07:17:03,f3aa11a87925,pygrid_alice_1,0.03,911.9MiB,4.851GiB,18.36,0B,0B, 14.3MB,47.3GB, 6
07:17:06,f3aa11a87925,pygrid_alice_1,0.03,911.9MiB,4.851GiB,18.36,0B,0B, 14.3MB,47.3GB, 6
07:17:09,f3aa11a87925,pygrid_alice_1,0.02,911.9MiB,4.851GiB,18.36,0B,0B, 14.3MB,47.3GB, 6
07:17:12,f3aa11a87925,pygrid_alice_1,0.04,911.9MiB,4.851GiB,18.36,0B,0B, 14.3MB,47.3GB, 6
07:17:15,f3aa11a87925,pygrid_alice_1,0.03,911.9MiB,4.851GiB,18.36,0B,0B, 14.3MB,47.3GB, 6
07:17:18,f3aa11a87925,pygrid_alice_1,0.03,911.9MiB,4.851GiB,18.36,0B,0B, 14.3MB,47.3GB, 6
07:17:21,f3aa11a87925,pygrid_alice_1,0.03,911.9MiB,4.851GiB,18.36,0B,0B, 14.3MB,47.3GB, 6
07:17:24,f3aa11a87925,pygrid_alice_1,0.02,911.9MiB,4.851GiB,18.36,0B,0B, 14.3MB,47.3GB, 6
07:17:27,f3aa11a87925,pygrid_alice_1,0.02,911.9MiB,4.851GiB,18.36,0B,0B, 14.3MB,47.3GB, 6
07:17:30,f3aa11a87925,pygrid_alice_1,0.03,911.9MiB,4.851GiB,18.36,0B,0B, 14.3MB,47.3GB, 6
07:17:33,f3aa11a87925,pygrid_alice_1,0.02,911.9MiB,4.851GiB,18.36,0B,0B, 14.3MB,47.3GB, 6
07:17:36,f3aa11a87925,pygrid_alice_1,0.02,911.9MiB,4.851GiB,18.36,0B,0B, 14.3MB,47.3GB, 6
07:17:39,f3aa11a87925,pygrid_alice_1,0.02,911.9MiB,4.851GiB,18.36,0B,0B, 14.3MB,47.3GB, 6
07:17:42,f3aa11a87925,pygrid_alice_1,44.60,978.8MiB,4.851GiB,19.70,0B,0B, 14.3MB,47.3GB, 6
07:17:45,f3aa11a87925,pygrid_alice_1,84.54,1.81GiB,4.851GiB,37.31,0B,0B, 14.3MB,48GB,6
07:17:48,f3aa11a87925,pygrid_alice_1,62.70,1.492GiB,4.851GiB,30.75,0B,0B, 14.4MB,49.6GB, 6
07:17:51,f3aa11a87925,pygrid_alice_1,54.50,1.611GiB,4.851GiB,33.21,0B,0B, 14.4MB,51.3GB, 6
07:17:54,f3aa11a87925,pygrid_alice_1,98.92,1.495GiB,4.851GiB,30.81,0B,0B, 14.4MB,52.6GB, 6
07:17:57,f3aa11a87925,pygrid_alice_1,70.06,927.7MiB,4.851GiB,18.68,0B,0B, 15.1MB,53.1GB, 6
07:18:00,f3aa11a87925,pygrid_alice_1,54.08,930.4MiB,4.851GiB,18.73,0B,0B, 15.1MB,54GB,6
07:18:03,f3aa11a87925,pygrid_alice_1,72.64,955.3MiB,4.851GiB,19.23,0B,0B, 15.1MB,54.6GB, 6
07:18:06,f3aa11a87925,pygrid_alice_1,76.16,990.9MiB,4.851GiB,19.95,0B,0B, 15.1MB,55.1GB, 6
07:18:09,f3aa11a87925,pygrid_alice_1,62.12,953MiB,4.851GiB, 19.19,0B,0B, 15.1MB,55.8GB, 6
07:18:12,f3aa11a87925,pygrid_alice_1,53.22,950.7MiB,4.851GiB,19.14,0B,0B, 15.1MB,56.4GB, 6
07:18:15,f3aa11a87925,pygrid_alice_1,68.90,955.5MiB,4.851GiB,19.24,0B,0B, 15.1MB,56.9GB, 6
07:18:18,f3aa11a87925,pygrid_alice_1,66.76,898.2MiB,4.851GiB,18.08,0B,0B, 15.1MB,57.4GB, 6
07:18:21,f3aa11a87925,pygrid_alice_1,53.84,976.5MiB,4.851GiB,19.66,0B,0B, 15.1MB,58GB,6
07:18:24,f3aa11a87925,pygrid_alice_1,70.96,981.4MiB,4.851GiB,19.76,0B,0B, 15.1MB,58.5GB, 6
07:18:27,f3aa11a87925,pygrid_alice_1,76.50,1009MiB,4.851GiB,20.32,0B,0B, 15.1MB,58.9GB, 6
07:18:30,f3aa11a87925,pygrid_alice_1,57.98,1000MiB,4.851GiB,20.14,0B,0B, 15.1MB,59.5GB, 6
07:18:33,f3aa11a87925,pygrid_alice_1,50.93,996.7MiB,4.851GiB,20.07,0B,0B, 15.1MB,60.1GB, 6
07:18:36,f3aa11a87925,pygrid_alice_1,72.62,1022MiB,4.851GiB,20.58,0B,0B, 15.1MB,60.5GB, 6
07:18:39,f3aa11a87925,pygrid_alice_1,68.36,956.5MiB,4.851GiB,19.26,0B,0B, 15.1MB,61GB,6
07:18:42,f3aa11a87925,pygrid_alice_1,50.75,1020MiB,4.851GiB,20.54,0B,0B, 15.1MB,61.6GB, 6
07:18:45,f3aa11a87925,pygrid_alice_1,62.25,1.014GiB,4.851GiB,20.90,0B,0B, 15.1MB,62GB,6
07:18:48,f3aa11a87925,pygrid_alice_1,79.80,1.039GiB,4.851GiB,21.42,0B,0B, 15.1MB,62.5GB, 6
07:18:51,f3aa11a87925,pygrid_alice_1,56.28,1.018GiB,4.851GiB,20.99,0B,0B, 15.1MB,63GB,6
07:18:54,f3aa11a87925,pygrid_alice_1,49.95,1.042GiB,4.851GiB,21.48,0B,0B, 15.1MB,63.6GB, 6
07:18:57,f3aa11a87925,pygrid_alice_1,71.74,1.007GiB,4.851GiB,20.75,0B,0B, 15.1MB,64GB,6
07:19:00,f3aa11a87925,pygrid_alice_1,66.95,1.042GiB,4.851GiB,21.48,0B,0B, 15.1MB,64.5GB, 6
07:19:03,f3aa11a87925,pygrid_alice_1,50.29,1.077GiB,4.851GiB,22.21,0B,0B, 15.1MB,65GB,6
07:19:06,f3aa11a87925,pygrid_alice_1,73.19,1.023GiB,4.851GiB,21.09,0B,0B, 15.1MB,65.5GB, 6
07:19:09,f3aa11a87925,pygrid_alice_1,67.35,1.045GiB,4.851GiB,21.54,0B,0B, 15.1MB,65.9GB, 6
07:19:12,f3aa11a87925,pygrid_alice_1,50.34,1.074GiB,4.851GiB,22.13,0B,0B, 15.1MB,66.4GB, 6
07:19:15,f3aa11a87925,pygrid_alice_1,75.31,1.039GiB,4.851GiB,21.42,0B,0B, 15.1MB,66.9GB, 6
07:19:18,f3aa11a87925,pygrid_alice_1,59.13,1.018GiB,4.851GiB,20.98,0B,0B, 15.1MB,67.4GB, 6
07:19:21,f3aa11a87925,pygrid_alice_1,58.22,1.063GiB,4.851GiB,21.92,0B,0B, 15.1MB,67.9GB, 6
07:19:24,f3aa11a87925,pygrid_alice_1,78.52,1.082GiB,4.851GiB,22.30,0B,0B, 15.1MB,68.2GB, 6
07:19:27,f3aa11a87925,pygrid_alice_1,45.74,1.061GiB,4.851GiB,21.87,0B,0B, 15.1MB,68.8GB, 6
07:19:30,f3aa11a87925,pygrid_alice_1,66.36,1.099GiB,4.851GiB,22.66,0B,0B, 15.1MB,69.3GB, 6
07:19:33,f3aa11a87925,pygrid_alice_1,72.43,1.107GiB,4.851GiB,22.83,0B,0B, 15.1MB,69.7GB, 6
07:19:36,f3aa11a87925,pygrid_alice_1,46.65,1.118GiB,4.851GiB,23.05,0B,0B, 15.1MB,70.3GB, 6
07:19:39,f3aa11a87925,pygrid_alice_1,70.90,1.113GiB,4.851GiB,22.94,0B,0B, 15.1MB,70.9GB, 6
07:19:42,f3aa11a87925,pygrid_alice_1,23.17,1.088GiB,4.851GiB,22.44,0B,0B, 15.1MB,71.3GB, 6
07:19:45,f3aa11a87925,pygrid_alice_1,0.03,1.088GiB,4.851GiB,22.44,0B,0B, 15.1MB,71.3GB, 6
07:19:49,f3aa11a87925,pygrid_alice_1,0.02,1.088GiB,4.851GiB,22.44,0B,0B, 15.1MB,71.3GB, 6
07:19:52,f3aa11a87925,pygrid_alice_1,0.02,1.088GiB,4.851GiB,22.44,0B,0B, 15.1MB,71.3GB, 6
07:19:55,f3aa11a87925,pygrid_alice_1,0.04,1.088GiB,4.851GiB,22.44,0B,0B, 15.1MB,71.3GB, 6
07:19:58,f3aa11a87925,pygrid_alice_1,0.03,1.088GiB,4.851GiB,22.44,0B,0B, 15.1MB,71.3GB, 6
07:20:01,f3aa11a87925,pygrid_alice_1,0.02,1.088GiB,4.851GiB,22.44,0B,0B, 15.1MB,71.3GB, 6
07:20:04,f3aa11a87925,pygrid_alice_1,0.02,1.088GiB,4.851GiB,22.44,0B,0B, 15.1MB,71.3GB, 6
07:20:07,f3aa11a87925,pygrid_alice_1,0.02,1.088GiB,4.851GiB,22.44,0B,0B, 15.1MB,71.3GB, 6
07:20:10,f3aa11a87925,pygrid_alice_1,0.02,1.088GiB,4.851GiB,22.44,0B,0B, 15.1MB,71.3GB, 6
07:20:13,f3aa11a87925,pygrid_alice_1,0.03,1.088GiB,4.851GiB,22.44,0B,0B, 15.1MB,71.3GB, 6
07:20:16,f3aa11a87925,pygrid_alice_1,0.03,1.088GiB,4.851GiB,22.44,0B,0B, 15.1MB,71.3GB, 6
07:20:19,f3aa11a87925,pygrid_alice_1,0.03,1.088GiB,4.851GiB,22.44,0B,0B, 15.1MB,71.3GB, 6
07:20:22,f3aa11a87925,pygrid_alice_1,0.02,1.088GiB,4.851GiB,22.44,0B,0B, 15.1MB,71.3GB, 6
07:20:25,f3aa11a87925,pygrid_alice_1,0.02,1.088GiB,4.851GiB,22.44,0B,0B, 15.1MB,71.3GB, 6
07:20:28,f3aa11a87925,pygrid_alice_1,0.03,1.088GiB,4.851GiB,22.44,0B,0B, 15.1MB,71.3GB, 6
07:20:31,f3aa11a87925,pygrid_alice_1,0.03,1.088GiB,4.851GiB,22.44,0B,0B, 15.1MB,71.3GB, 6
07:20:34,f3aa11a87925,pygrid_alice_1,0.02,1.088GiB,4.851GiB,22.44,0B,0B, 15.1MB,71.3GB, 6
07:20:37,f3aa11a87925,pygrid_alice_1,0.02,1.088GiB,4.851GiB,22.44,0B,0B, 15.1MB,71.3GB, 6
07:20:40,f3aa11a87925,pygrid_alice_1,0.02,1.088GiB,4.851GiB,22.44,0B,0B, 15.1MB,71.3GB, 6
07:20:43,f3aa11a87925,pygrid_alice_1,0.03,1.088GiB,4.851GiB,22.44,0B,0B, 15.1MB,71.3GB, 6
07:20:46,f3aa11a87925,pygrid_alice_1,0.02,1.088GiB,4.851GiB,22.44,0B,0B, 15.1MB,71.3GB, 6
07:20:49,f3aa11a87925,pygrid_alice_1,0.03,1.088GiB,4.851GiB,22.44,0B,0B, 15.1MB,71.3GB, 6
07:20:52,f3aa11a87925,pygrid_alice_1,0.03,1.088GiB,4.851GiB,22.44,0B,0B, 15.1MB,71.3GB, 6
07:20:55,f3aa11a87925,pygrid_alice_1,0.02,1.088GiB,4.851GiB,22.44,0B,0B, 15.1MB,71.3GB, 6
07:20:58,f3aa11a87925,pygrid_alice_1,0.02,1.088GiB,4.851GiB,22.44,0B,0B, 15.1MB,71.3GB, 6
07:21:01,f3aa11a87925,pygrid_alice_1,0.03,1.088GiB,4.851GiB,22.44,0B,0B, 15.1MB,71.3GB, 6
07:21:04,f3aa11a87925,pygrid_alice_1,0.03,1.088GiB,4.851GiB,22.44,0B,0B, 15.1MB,71.3GB, 6
07:21:07,f3aa11a87925,pygrid_alice_1,0.02,1.088GiB,4.851GiB,22.44,0B,0B, 15.1MB,71.3GB, 6
07:21:10,f3aa11a87925,pygrid_alice_1,0.03,1.088GiB,4.851GiB,22.44,0B,0B, 15.1MB,71.3GB, 6
07:21:13,f3aa11a87925,pygrid_alice_1,0.03,1.088GiB,4.851GiB,22.44,0B,0B, 15.1MB,71.3GB, 6
07:21:16,f3aa11a87925,pygrid_alice_1,0.03,1.088GiB,4.851GiB,22.44,0B,0B, 15.1MB,71.3GB, 6
07:21:19,f3aa11a87925,pygrid_alice_1,0.02,1.088GiB,4.851GiB,22.44,0B,0B, 15.1MB,71.3GB, 6
07:21:22,f3aa11a87925,pygrid_alice_1,0.02,1.088GiB,4.851GiB,22.44,0B,0B, 15.1MB,71.3GB, 6
07:21:25,f3aa11a87925,pygrid_alice_1,0.02,1.088GiB,4.851GiB,22.44,0B,0B, 15.1MB,71.3GB, 6
07:21:28,f3aa11a87925,pygrid_alice_1,0.02,1.088GiB,4.851GiB,22.44,0B,0B, 15.1MB,71.3GB, 6
07:21:31,f3aa11a87925,pygrid_alice_1,0.02,1.088GiB,4.851GiB,22.44,0B,0B, 15.1MB,71.3GB, 6
07:21:34,f3aa11a87925,pygrid_alice_1,0.02,1.088GiB,4.851GiB,22.44,0B,0B, 15.1MB,71.3GB, 6
07:21:37,f3aa11a87925,pygrid_alice_1,0.02,1.088GiB,4.851GiB,22.44,0B,0B, 15.1MB,71.3GB, 6
07:21:40,f3aa11a87925,pygrid_alice_1,0.02,1.088GiB,4.851GiB,22.44,0B,0B, 15.1MB,71.3GB, 6
